Started at: Fri Jun  5 13:28:42 BST 2026
Log file: logs/experiment_20260605_132842.log

Found 1 bug-triggering test(s):
  ✓ org.apache.commons.lang3.StringUtilsTest::testReplace_StringStringArrayStringArray  [java.lang.NullPointerException]
{
  "modified_files": [
    "src/java/org/apache/commons/lang3/StringUtils.java"
  ],
  "patch_text": "--- /src/java/org/apache/commons/lang3/StringUtils.java\n+++ /src/java/org/apache/commons/lang3/StringUtils.java\t\n@@ -3642,9 +3642,12 @@\n         // index of replace array that will replace the search string found\n         // NOTE: logic duplicated below START\n         for (int i = 0; i < searchLength; i++) {\n-            if (noMoreMatchesForReplIndex[i] || searchList[i] == null || \n-                searchList[i].length() == 0 || replacementList[i] == null) \n+            if (noMoreMatchesForReplIndex[i] || searchList[i] == null ||\n+                    searchList[i].length() == 0 || replacementList[i] == null)\n             {\n+//ACS's patch begin\n+ if (replaceIndex==0.0){return \"cbc\";}\n+//ACS's patch end\n                 continue;\n             }",
  "functions": [
    {
      "func_name": "replaceEach",
      "func_signature": "private static String replaceEach(String text, String[] searchList, String[] replacementList, boolean repeat, int timeToLive)",
      "func_source": "    private static String replaceEach(String text, String[] searchList, String[] replacementList, \n                                      boolean repeat, int timeToLive) \n    {\n\n        // mchyzer Performance note: This creates very few new objects (one major goal)\n        // let me know if there are performance requests, we can create a harness to measure\n\n        if (text == null || text.length() == 0 || searchList == null || \n            searchList.length == 0 || replacementList == null || replacementList.length == 0) \n        {\n            return text;\n        }\n\n        // if recursing, this shouldnt be less than 0\n        if (timeToLive < 0) {\n            throw new IllegalStateException(\"TimeToLive of \" + timeToLive + \" is less than 0: \" + text);\n        }\n\n        int searchLength = searchList.length;\n        int replacementLength = replacementList.length;\n\n        // make sure lengths are ok, these need to be equal\n        if (searchLength != replacementLength) {\n            throw new IllegalArgumentException(\"Search and Replace array lengths don't match: \"\n                + searchLength\n                + \" vs \"\n                + replacementLength);\n        }\n\n        // keep track of which still have matches\n        boolean[] noMoreMatchesForReplIndex = new boolean[searchLength];\n\n        // index on index that the match was found\n        int textIndex = -1;\n        int replaceIndex = -1;\n        int tempIndex = -1;\n\n        // index of replace array that will replace the search string found\n        // NOTE: logic duplicated below START\n        for (int i = 0; i < searchLength; i++) {\n            if (noMoreMatchesForReplIndex[i] || searchList[i] == null || \n                searchList[i].length() == 0 || replacementList[i] == null) \n            {\n                continue;\n            }\n            tempIndex = text.indexOf(searchList[i]);\n\n            // see if we need to keep searching for this\n            if (tempIndex == -1) {\n                noMoreMatchesForReplIndex[i] = true;\n            } else {\n                if (textIndex == -1 || tempIndex < textIndex) {\n                    textIndex = tempIndex;\n                    replaceIndex = i;\n                }\n            }\n        }\n        // NOTE: logic mostly below END\n\n        // no search strings found, we are done\n        if (textIndex == -1) {\n            return text;\n        }\n\n        int start = 0;\n\n        // get a good guess on the size of the result buffer so it doesnt have to double if it goes over a bit\n        int increase = 0;\n\n        // count the replacement text elements that are larger than their corresponding text being replaced\n        for (int i = 0; i < searchList.length; i++) {\n            int greater = replacementList[i].length() - searchList[i].length();\n            if (greater > 0) {\n                increase += 3 * greater; // assume 3 matches\n            }\n        }\n        // have upper-bound at 20% increase, then let Java take over\n        increase = Math.min(increase, text.length() / 5);\n\n        StringBuilder buf = new StringBuilder(text.length() + increase);\n\n        while (textIndex != -1) {\n\n            for (int i = start; i < textIndex; i++) {\n                buf.append(text.charAt(i));\n            }\n            buf.append(replacementList[replaceIndex]);\n\n            start = textIndex + searchList[replaceIndex].length();\n\n            textIndex = -1;\n            replaceIndex = -1;\n            tempIndex = -1;\n            // find the next earliest match\n            // NOTE: logic mostly duplicated above START\n            for (int i = 0; i < searchLength; i++) {\n                if (noMoreMatchesForReplIndex[i] || searchList[i] == null || \n                    searchList[i].length() == 0 || replacementList[i] == null) \n                {\n                    continue;\n                }\n                tempIndex = text.indexOf(searchList[i], start);\n\n                // see if we need to keep searching for this\n                if (tempIndex == -1) {\n                    noMoreMatchesForReplIndex[i] = true;\n                } else {\n                    if (textIndex == -1 || tempIndex < textIndex) {\n                        textIndex = tempIndex;\n                        replaceIndex = i;\n                    }\n                }\n            }\n            // NOTE: logic duplicated above END\n\n        }\n        int textLength = text.length();\n        for (int i = start; i < textLength; i++) {\n            buf.append(text.charAt(i));\n        }\n        String result = buf.toString();\n        if (!repeat) {\n            return result;\n        }\n\n        return replaceEach(result, searchList, replacementList, repeat, timeToLive - 1);\n    }",
      "xrefs": [],
      "reachable": [],
      "related_callees": [
        {
          "name": "length",
          "source_file": "StringUtils.java",
          "signature": "public static int length(String str)",
          "source": "    public static int length(String str) {\n        return str == null ? 0 : str.length();\n    }",
          "is_abstract": false,
          "impls": []
        },
        {
          "name": "indexOf",
          "source_file": "ArrayUtils.java",
          "signature": "public static int indexOf(Object[] array, Object objectToFind)",
          "source": "    public static int indexOf(Object[] array, Object objectToFind) {\n        return indexOf(array, objectToFind, 0);\n    }",
          "is_abstract": false,
          "impls": [
            [
              "ArrayUtils.java",
              "    public static int indexOf(Object[] array, Object objectToFind) {\n        return indexOf(array, objectToFind, 0);\n    }"
            ],
            [
              "ArrayUtils.java",
              "    public static int indexOf(Object[] array, Object objectToFind, int startIndex) {\n        if (array == null) {\n            return INDEX_NOT_FOUND;\n        }\n        if (startIndex < 0) {\n            startIndex = 0;\n        }\n        if (objectToFind == null) {\n            for (int i = startIndex; i < array.length; i++) {\n                if (array[i] == null) {\n                    return i;\n                }\n            }\n        } else if (array.getClass().getComponentType().isInstance(objectToFind)) {\n            for (int i = startIndex; i < array.length; i++) {\n                if (objectToFind.equals(array[i])) {\n                    return i;\n                }\n            }\n        }\n        return INDEX_NOT_FOUND;\n    }"
            ],
            [
              "ArrayUtils.java",
              "    public static int indexOf(long[] array, long valueToFind) {\n        return indexOf(array, valueToFind, 0);\n    }"
            ],
            [
              "ArrayUtils.java",
              "    public static int indexOf(long[] array, long valueToFind, int startIndex) {\n        if (array == null) {\n            return INDEX_NOT_FOUND;\n        }\n        if (startIndex < 0) {\n            startIndex = 0;\n        }\n        for (int i = startIndex; i < array.length; i++) {\n            if (valueToFind == array[i]) {\n                return i;\n            }\n        }\n        return INDEX_NOT_FOUND;\n    }"
            ]
          ]
        },
        {
          "name": "min",
          "source_file": "ObjectUtils.java",
          "signature": "public static T min(T c1, T c2)",
          "source": "    public static <T extends Comparable<? super T>> T min(T c1, T c2) {\n        if (c1 != null && c2 != null) {\n            return c1.compareTo(c2) < 1 ? c1 : c2;\n        } else {\n            return c1 != null ? c1 : c2;\n        }                              \n    }",
          "is_abstract": false,
          "impls": []
        },
        {
          "name": "toString",
          "source_file": "ArrayUtils.java",
          "signature": "public static String toString(Object array)",
          "source": "    public static String toString(Object array) {\n        return toString(array, \"{}\");\n    }",
          "is_abstract": false,
          "impls": [
            [
              "ArrayUtils.java",
              "    public static String toString(Object array) {\n        return toString(array, \"{}\");\n    }"
            ],
            [
              "ArrayUtils.java",
              "    public static String toString(Object array, String stringIfNull) {\n        if (array == null) {\n            return stringIfNull;\n        }\n        return new ToStringBuilder(array, ToStringStyle.SIMPLE_STYLE).append(array).toString();\n    }"
            ],
            [
              "BooleanUtils.java",
              "    public static String toString(Boolean bool, String trueString, String falseString, String nullString) {\n        if (bool == null) {\n            return nullString;\n        }\n        return bool.booleanValue() ? trueString : falseString;\n    }"
            ],
            [
              "BooleanUtils.java",
              "    public static String toString(boolean bool, String trueString, String falseString) {\n        return bool ? trueString : falseString;\n    }"
            ]
          ]
        },
        {
          "name": "replaceEach",
          "source_file": "StringUtils.java",
          "signature": "public static String replaceEach(String text, String[] searchList, String[] replacementList)",
          "source": "    public static String replaceEach(String text, String[] searchList, String[] replacementList) {\n        return replaceEach(text, searchList, replacementList, false, 0);\n    }",
          "is_abstract": false,
          "impls": []
        }
      ]
    }
  ],
  "package": "org.apache.commons.lang3",
  "root_cause_reachable": [],
  "source_imports": [
    "import java.util.ArrayList;",
    "import java.util.Iterator;",
    "import java.util.List;",
    "import java.util.Locale;"
  ]
}
Captured ground-truth crash input:
  throwable : java.lang.NullPointerException
  thrown_at : org.apache.commons.lang3.StringUtils.replaceEach(StringUtils.java:3676)
#################### prompt ####################
Running ant (compile)...................................................... OK
Running ant (compile.tests)................................................ OK
Write a Jazzer harness. Rules:

- Class named exactly `FuzzHarness`.
- Entrypoint exactly:
    public static void fuzzerTestOneInput(com.code_intelligence.jazzer.api.FuzzedDataProvider data)
- Package: `org.apache.commons.lang3` (`package org.apache.commons.lang3;` at the top).
  Same-package placement gives direct access to package-private members — no reflection.
- Output raw Java only: no markdown fences, no prose. A leading `/* ... */` comment is allowed. Must compile with `javac` against the project classpath plus jazzer-api.jar.

Codebase: `Lang_39_buggy`. The patch below touches the functions listed. Your harness must call those functions so the patched behaviour is reachable from the fuzz entrypoint.

Patch under analysis:
<patch>
--- /src/java/org/apache/commons/lang3/StringUtils.java
+++ /src/java/org/apache/commons/lang3/StringUtils.java	
@@ -3642,9 +3642,12 @@
         // index of replace array that will replace the search string found
         // NOTE: logic duplicated below START
         for (int i = 0; i < searchLength; i++) {
-            if (noMoreMatchesForReplIndex[i] || searchList[i] == null || 
-                searchList[i].length() == 0 || replacementList[i] == null) 
+            if (noMoreMatchesForReplIndex[i] || searchList[i] == null ||
+                    searchList[i].length() == 0 || replacementList[i] == null)
             {
+//ACS's patch begin
+ if (replaceIndex==0.0){return "cbc";}
+//ACS's patch end
                 continue;
             }
</patch>

Available imports from the modified file (copy exactly when you need these types):
<source_imports>
import java.util.ArrayList;
import java.util.Iterator;
import java.util.List;
import java.util.Locale;
</source_imports>

Function `replaceEach`:
<signature>
private static String replaceEach(String text, String[] searchList, String[] replacementList, boolean repeat, int timeToLive)
</signature>
<code>
    private static String replaceEach(String text, String[] searchList, String[] replacementList, 
                                      boolean repeat, int timeToLive) 
    {

        // mchyzer Performance note: This creates very few new objects (one major goal)
        // let me know if there are performance requests, we can create a harness to measure

        if (text == null || text.length() == 0 || searchList == null || 
            searchList.length == 0 || replacementList == null || replacementList.length == 0) 
        {
            return text;
        }

        // if recursing, this shouldnt be less than 0
        if (timeToLive < 0) {
            throw new IllegalStateException("TimeToLive of " + timeToLive + " is less than 0: " + text);
        }

        int searchLength = searchList.length;
        int replacementLength = replacementList.length;

        // make sure lengths are ok, these need to be equal
        if (searchLength != replacementLength) {
            throw new IllegalArgumentException("Search and Replace array lengths don't match: "
                + searchLength
                + " vs "
                + replacementLength);
        }

        // keep track of which still have matches
        boolean[] noMoreMatchesForReplIndex = new boolean[searchLength];

        // index on index that the match was found
        int textIndex = -1;
        int replaceIndex = -1;
        int tempIndex = -1;

        // index of replace array that will replace the search string found
        // NOTE: logic duplicated below START
        for (int i = 0; i < searchLength; i++) {
            if (noMoreMatchesForReplIndex[i] || searchList[i] == null || 
                searchList[i].length() == 0 || replacementList[i] == null) 
            {
                continue;
            }
            tempIndex = text.indexOf(searchList[i]);

            // see if we need to keep searching for this
            if (tempIndex == -1) {
                noMoreMatchesForReplIndex[i] = true;
            } else {
                if (textIndex == -1 || tempIndex < textIndex) {
                    textIndex = tempIndex;
                    replaceIndex = i;
                }
            }
        }
        // NOTE: logic mostly below END

        // no search strings found, we are done
        if (textIndex == -1) {
            return text;
        }

        int start = 0;

        // get a good guess on the size of the result buffer so it doesnt have to double if it goes over a bit
        int increase = 0;

        // count the replacement text elements that are larger than their corresponding text being replaced
        for (int i = 0; i < searchList.length; i++) {
            int greater = replacementList[i].length() - searchList[i].length();
            if (greater > 0) {
                increase += 3 * greater; // assume 3 matches
            }
        }
        // have upper-bound at 20% increase, then let Java take over
        increase = Math.min(increase, text.length() / 5);

        StringBuilder buf = new StringBuilder(text.length() + increase);

        while (textIndex != -1) {

            for (int i = start; i < textIndex; i++) {
                buf.append(text.charAt(i));
            }
            buf.append(replacementList[replaceIndex]);

            start = textIndex + searchList[replaceIndex].length();

            textIndex = -1;
            replaceIndex = -1;
            tempIndex = -1;
            // find the next earliest match
            // NOTE: logic mostly duplicated above START
            for (int i = 0; i < searchLength; i++) {
                if (noMoreMatchesForReplIndex[i] || searchList[i] == null || 
                    searchList[i].length() == 0 || replacementList[i] == null) 
                {
                    continue;
                }
                tempIndex = text.indexOf(searchList[i], start);

                // see if we need to keep searching for this
                if (tempIndex == -1) {
                    noMoreMatchesForReplIndex[i] = true;
                } else {
                    if (textIndex == -1 || tempIndex < textIndex) {
                        textIndex = tempIndex;
                        replaceIndex = i;
                    }
                }
            }
            // NOTE: logic duplicated above END

        }
        int textLength = text.length();
        for (int i = start; i < textLength; i++) {
            buf.append(text.charAt(i));
        }
        String result = buf.toString();
        if (!repeat) {
            return result;
        }

        return replaceEach(result, searchList, replacementList, repeat, timeToLive - 1);
    }
</code>
Methods called by `replaceEach` whose behaviour the patched code depends on. The body above shows how their results are USED; the declarations below show what they return and how real implementations behave. To reach the fault you usually need to drive the target through one of these implementations with an input that makes its return value exercise the patched path.
<callee name="length" from="StringUtils.java">
<signature>
public static int length(String str)
</signature>
<code>
    public static int length(String str) {
        return str == null ? 0 : str.length();
    }
</code>
</callee>
<callee name="indexOf" from="ArrayUtils.java">
<signature>
public static int indexOf(Object[] array, Object objectToFind)
</signature>
<code>
    public static int indexOf(Object[] array, Object objectToFind) {
        return indexOf(array, objectToFind, 0);
    }
</code>
<implementation in="ArrayUtils.java">
    public static int indexOf(Object[] array, Object objectToFind) {
        return indexOf(array, objectToFind, 0);
    }
</implementation>
<implementation in="ArrayUtils.java">
    public static int indexOf(Object[] array, Object objectToFind, int startIndex) {
        if (array == null) {
            return INDEX_NOT_FOUND;
        }
        if (startIndex < 0) {
            startIndex = 0;
        }
        if (objectToFind == null) {
            for (int i = startIndex; i < array.length; i++) {
                if (array[i] == null) {
                    return i;
                }
            }
        } else if (array.getClass().getComponentType().isInstance(objectToFind)) {
            for (int i = startIndex; i < array.length; i++) {
                if (objectToFind.equals(array[i])) {
                    return i;
                }
            }
        }
        return INDEX_NOT_FOUND;
    }
</implementation>
<implementation in="ArrayUtils.java">
    public static int indexOf(long[] array, long valueToFind) {
        return indexOf(array, valueToFind, 0);
    }
</implementation>
<implementation in="ArrayUtils.java">
    public static int indexOf(long[] array, long valueToFind, int startIndex) {
        if (array == null) {
            return INDEX_NOT_FOUND;
        }
        if (startIndex < 0) {
            startIndex = 0;
        }
        for (int i = startIndex; i < array.length; i++) {
            if (valueToFind == array[i]) {
                return i;
            }
        }
        return INDEX_NOT_FOUND;
    }
</implementation>
</callee>
<callee name="min" from="ObjectUtils.java">
<signature>
public static T min(T c1, T c2)
</signature>
<code>
    public static <T extends Comparable<? super T>> T min(T c1, T c2) {
        if (c1 != null && c2 != null) {
            return c1.compareTo(c2) < 1 ? c1 : c2;
        } else {
            return c1 != null ? c1 : c2;
        }                              
    }
</code>
</callee>
<callee name="toString" from="ArrayUtils.java">
<signature>
public static String toString(Object array)
</signature>
<code>
    public static String toString(Object array) {
        return toString(array, "{}");
    }
</code>
<implementation in="ArrayUtils.java">
    public static String toString(Object array) {
        return toString(array, "{}");
    }
</implementation>
<implementation in="ArrayUtils.java">
    public static String toString(Object array, String stringIfNull) {
        if (array == null) {
            return stringIfNull;
        }
        return new ToStringBuilder(array, ToStringStyle.SIMPLE_STYLE).append(array).toString();
    }
</implementation>
<implementation in="BooleanUtils.java">
    public static String toString(Boolean bool, String trueString, String falseString, String nullString) {
        if (bool == null) {
            return nullString;
        }
        return bool.booleanValue() ? trueString : falseString;
    }
</implementation>
<implementation in="BooleanUtils.java">
    public static String toString(boolean bool, String trueString, String falseString) {
        return bool ? trueString : falseString;
    }
</implementation>
</callee>
<callee name="replaceEach" from="StringUtils.java">
<signature>
public static String replaceEach(String text, String[] searchList, String[] replacementList)
</signature>
<code>
    public static String replaceEach(String text, String[] searchList, String[] replacementList) {
        return replaceEach(text, searchList, replacementList, false, 0);
    }
</code>
</callee>

The failing test below shows how to reach the bug. Use it with TWO strategies:

1. ANCHOR: call the target with the exact input(s) from the test first. This is your guaranteed crash on the buggy version.

2. EXPLORE: after the anchor, use FuzzedDataProvider to vary the same input shape. Overfitting patches typically fix only the seed input; fuzzed neighbours catch them.
Expected throwable: java.lang.NullPointerException. Let it propagate uncaught from fuzzerTestOneInput. Catch only checked exceptions declared by the target (rethrow as RuntimeException).
GROUND-TRUTH CRASH (captured by running the trigger test on the buggy version — this is the verified failure, trust it over anything inferred from the test body):
<ground_truth_crash>
throwable: java.lang.NullPointerException
thrown_at: org.apache.commons.lang3.StringUtils.replaceEach(StringUtils.java:3676)
</ground_truth_crash>
Trigger lines: null passed as an array element. Mirror these calls:
<key_calls class="org.apache.commons.lang3.StringUtilsTest" method="testReplace_StringStringArrayStringArray">
assertNull(StringUtils.replaceEach(null, new String[]{"a"}, new String[]{"b"}));
assertEquals(StringUtils.replaceEach("aba", null, null),"aba");
assertEquals(StringUtils.replaceEach("aba", new String[0], null),"aba");
assertEquals(StringUtils.replaceEach("aba", null, new String[0]),"aba");
assertEquals(StringUtils.replaceEach("aba", new String[]{"a"}, null),"aba");
assertEquals(StringUtils.replaceEach("aba", new String[]{null}, new String[]{"a"}),"aba");
assertEquals(StringUtils.replaceEach("aba", new String[]{"a"}, new String[]{null}),"aba");
assertEquals(StringUtils.replaceEach("aba", new String[]{"a", "b"}, new String[]{"c", null}),"cbc");
</key_calls>
<failing_test class="org.apache.commons.lang3.StringUtilsTest" method="testReplace_StringStringArrayStringArray">
    public void testReplace_StringStringArrayStringArray() {

        
        //JAVADOC TESTS START
        assertNull(StringUtils.replaceEach(null, new String[]{"a"}, new String[]{"b"}));
        assertEquals(StringUtils.replaceEach("", new String[]{"a"}, new String[]{"b"}),"");
        assertEquals(StringUtils.replaceEach("aba", null, null),"aba");
        assertEquals(StringUtils.replaceEach("aba", new String[0], null),"aba");
        assertEquals(StringUtils.replaceEach("aba", null, new String[0]),"aba");
        assertEquals(StringUtils.replaceEach("aba", new String[]{"a"}, null),"aba");

        assertEquals(StringUtils.replaceEach("aba", new String[]{"a"}, new String[]{""}),"b");
        assertEquals(StringUtils.replaceEach("aba", new String[]{null}, new String[]{"a"}),"aba");
        assertEquals(StringUtils.replaceEach("abcde", new String[]{"ab", "d"}, new String[]{"w", "t"}),"wcte");
        assertEquals(StringUtils.replaceEach("abcde", new String[]{"ab", "d"}, new String[]{"d", "t"}),"dcte");
        //JAVADOC TESTS END

        assertEquals("bcc", StringUtils.replaceEach("abc", new String[]{"a", "b"}, new String[]{"b", "c"}));
        assertEquals("q651.506bera", StringUtils.replaceEach("d216.102oren",
            new String[]{"a", "b", "c", "d", "e", "f", "g", "h", "i", "j", "k", "l", "m", "n", 
                "o", "p", "q", "r", "s", "t", "u", "v", "w", "x", "y", "z", "A", "B", "C", "D", 
                "E", "F", "G", "H", "I", "J", "K", "L", "M", "N", "O", "
        // ... (truncated)
</failing_test>

Use ONLY these FuzzedDataProvider methods (no invented overloads):

    int     consumeInt()                    // any int
    int     consumeInt(int min, int max)    // inclusive
    byte    consumeByte()
    boolean consumeBoolean()
    String  consumeString(int maxLength)    // ONE arg
    String  consumeAsciiString(int maxLength)
    String  consumeRemainingAsString()
    byte[]  consumeBytes(int maxLength)
    byte[]  consumeRemainingAsBytes()
    int     remainingBytes()

Catch only checked exceptions declared by the target (rethrow as RuntimeException); let everything else propagate.

Complete the skeleton below. Fill in ONLY the `// >>> YOUR CODE HERE <<<` region. Do NOT change the package, import, class name, or entrypoint. Do NOT add a `main` method. Add extra imports only if javac requires them, directly below the existing import.
<skeleton>
package org.apache.commons.lang3;

import com.code_intelligence.jazzer.api.FuzzedDataProvider;

public class FuzzHarness {
    public static void fuzzerTestOneInput(com.code_intelligence.jazzer.api.FuzzedDataProvider data) {
        // >>> YOUR CODE HERE <<<
    }
}
</skeleton>

Before the construction code, add a `/* ... */` comment on the first line inside the entrypoint body identifying (a) the bug class and (b) the minimal input shape that reaches the fault. Nothing above the package line.
################################################
#################### prompt ####################
Write a Jazzer harness. Rules:

- Class named exactly `FuzzHarness`.
- Entrypoint exactly:
    public static void fuzzerTestOneInput(com.code_intelligence.jazzer.api.FuzzedDataProvider data)
- Package: `org.apache.commons.lang3` (`package org.apache.commons.lang3;` at the top).
  Same-package placement gives direct access to package-private members — no reflection.
- Output raw Java only: no markdown fences, no prose. A leading `/* ... */` comment is allowed. Must compile with `javac` against the project classpath plus jazzer-api.jar.

Codebase: `Lang_39_buggy`. The patch below touches the functions listed. Your harness must call those functions so the patched behaviour is reachable from the fuzz entrypoint.

Patch under analysis:
<patch>
--- /src/java/org/apache/commons/lang3/StringUtils.java
+++ /src/java/org/apache/commons/lang3/StringUtils.java	
@@ -3642,9 +3642,12 @@
         // index of replace array that will replace the search string found
         // NOTE: logic duplicated below START
         for (int i = 0; i < searchLength; i++) {
-            if (noMoreMatchesForReplIndex[i] || searchList[i] == null || 
-                searchList[i].length() == 0 || replacementList[i] == null) 
+            if (noMoreMatchesForReplIndex[i] || searchList[i] == null ||
+                    searchList[i].length() == 0 || replacementList[i] == null)
             {
+//ACS's patch begin
+ if (replaceIndex==0.0){return "cbc";}
+//ACS's patch end
                 continue;
             }
</patch>

Available imports from the modified file (copy exactly when you need these types):
<source_imports>
import java.util.ArrayList;
import java.util.Iterator;
import java.util.List;
import java.util.Locale;
</source_imports>

Function `replaceEach`:
<signature>
private static String replaceEach(String text, String[] searchList, String[] replacementList, boolean repeat, int timeToLive)
</signature>
<code>
    private static String replaceEach(String text, String[] searchList, String[] replacementList, 
                                      boolean repeat, int timeToLive) 
    {

        // mchyzer Performance note: This creates very few new objects (one major goal)
        // let me know if there are performance requests, we can create a harness to measure

        if (text == null || text.length() == 0 || searchList == null || 
            searchList.length == 0 || replacementList == null || replacementList.length == 0) 
        {
            return text;
        }

        // if recursing, this shouldnt be less than 0
        if (timeToLive < 0) {
            throw new IllegalStateException("TimeToLive of " + timeToLive + " is less than 0: " + text);
        }

        int searchLength = searchList.length;
        int replacementLength = replacementList.length;

        // make sure lengths are ok, these need to be equal
        if (searchLength != replacementLength) {
            throw new IllegalArgumentException("Search and Replace array lengths don't match: "
                + searchLength
                + " vs "
                + replacementLength);
        }

        // keep track of which still have matches
        boolean[] noMoreMatchesForReplIndex = new boolean[searchLength];

        // index on index that the match was found
        int textIndex = -1;
        int replaceIndex = -1;
        int tempIndex = -1;

        // index of replace array that will replace the search string found
        // NOTE: logic duplicated below START
        for (int i = 0; i < searchLength; i++) {
            if (noMoreMatchesForReplIndex[i] || searchList[i] == null || 
                searchList[i].length() == 0 || replacementList[i] == null) 
            {
                continue;
            }
            tempIndex = text.indexOf(searchList[i]);

            // see if we need to keep searching for this
            if (tempIndex == -1) {
                noMoreMatchesForReplIndex[i] = true;
            } else {
                if (textIndex == -1 || tempIndex < textIndex) {
                    textIndex = tempIndex;
                    replaceIndex = i;
                }
            }
        }
        // NOTE: logic mostly below END

        // no search strings found, we are done
        if (textIndex == -1) {
            return text;
        }

        int start = 0;

        // get a good guess on the size of the result buffer so it doesnt have to double if it goes over a bit
        int increase = 0;

        // count the replacement text elements that are larger than their corresponding text being replaced
        for (int i = 0; i < searchList.length; i++) {
            int greater = replacementList[i].length() - searchList[i].length();
            if (greater > 0) {
                increase += 3 * greater; // assume 3 matches
            }
        }
        // have upper-bound at 20% increase, then let Java take over
        increase = Math.min(increase, text.length() / 5);

        StringBuilder buf = new StringBuilder(text.length() + increase);

        while (textIndex != -1) {

            for (int i = start; i < textIndex; i++) {
                buf.append(text.charAt(i));
            }
            buf.append(replacementList[replaceIndex]);

            start = textIndex + searchList[replaceIndex].length();

            textIndex = -1;
            replaceIndex = -1;
            tempIndex = -1;
            // find the next earliest match
            // NOTE: logic mostly duplicated above START
            for (int i = 0; i < searchLength; i++) {
                if (noMoreMatchesForReplIndex[i] || searchList[i] == null || 
                    searchList[i].length() == 0 || replacementList[i] == null) 
                {
                    continue;
                }
                tempIndex = text.indexOf(searchList[i], start);

                // see if we need to keep searching for this
                if (tempIndex == -1) {
                    noMoreMatchesForReplIndex[i] = true;
                } else {
                    if (textIndex == -1 || tempIndex < textIndex) {
                        textIndex = tempIndex;
                        replaceIndex = i;
                    }
                }
            }
            // NOTE: logic duplicated above END

        }
        int textLength = text.length();
        for (int i = start; i < textLength; i++) {
            buf.append(text.charAt(i));
        }
        String result = buf.toString();
        if (!repeat) {
            return result;
        }

        return replaceEach(result, searchList, replacementList, repeat, timeToLive - 1);
    }
</code>
Methods called by `replaceEach` whose behaviour the patched code depends on. The body above shows how their results are USED; the declarations below show what they return and how real implementations behave. To reach the fault you usually need to drive the target through one of these implementations with an input that makes its return value exercise the patched path.
<callee name="length" from="StringUtils.java">
<signature>
public static int length(String str)
</signature>
<code>
    public static int length(String str) {
        return str == null ? 0 : str.length();
    }
</code>
</callee>
<callee name="indexOf" from="ArrayUtils.java">
<signature>
public static int indexOf(Object[] array, Object objectToFind)
</signature>
<code>
    public static int indexOf(Object[] array, Object objectToFind) {
        return indexOf(array, objectToFind, 0);
    }
</code>
<implementation in="ArrayUtils.java">
    public static int indexOf(Object[] array, Object objectToFind) {
        return indexOf(array, objectToFind, 0);
    }
</implementation>
<implementation in="ArrayUtils.java">
    public static int indexOf(Object[] array, Object objectToFind, int startIndex) {
        if (array == null) {
            return INDEX_NOT_FOUND;
        }
        if (startIndex < 0) {
            startIndex = 0;
        }
        if (objectToFind == null) {
            for (int i = startIndex; i < array.length; i++) {
                if (array[i] == null) {
                    return i;
                }
            }
        } else if (array.getClass().getComponentType().isInstance(objectToFind)) {
            for (int i = startIndex; i < array.length; i++) {
                if (objectToFind.equals(array[i])) {
                    return i;
                }
            }
        }
        return INDEX_NOT_FOUND;
    }
</implementation>
<implementation in="ArrayUtils.java">
    public static int indexOf(long[] array, long valueToFind) {
        return indexOf(array, valueToFind, 0);
    }
</implementation>
<implementation in="ArrayUtils.java">
    public static int indexOf(long[] array, long valueToFind, int startIndex) {
        if (array == null) {
            return INDEX_NOT_FOUND;
        }
        if (startIndex < 0) {
            startIndex = 0;
        }
        for (int i = startIndex; i < array.length; i++) {
            if (valueToFind == array[i]) {
                return i;
            }
        }
        return INDEX_NOT_FOUND;
    }
</implementation>
</callee>
<callee name="min" from="ObjectUtils.java">
<signature>
public static T min(T c1, T c2)
</signature>
<code>
    public static <T extends Comparable<? super T>> T min(T c1, T c2) {
        if (c1 != null && c2 != null) {
            return c1.compareTo(c2) < 1 ? c1 : c2;
        } else {
            return c1 != null ? c1 : c2;
        }                              
    }
</code>
</callee>
<callee name="toString" from="ArrayUtils.java">
<signature>
public static String toString(Object array)
</signature>
<code>
    public static String toString(Object array) {
        return toString(array, "{}");
    }
</code>
<implementation in="ArrayUtils.java">
    public static String toString(Object array) {
        return toString(array, "{}");
    }
</implementation>
<implementation in="ArrayUtils.java">
    public static String toString(Object array, String stringIfNull) {
        if (array == null) {
            return stringIfNull;
        }
        return new ToStringBuilder(array, ToStringStyle.SIMPLE_STYLE).append(array).toString();
    }
</implementation>
<implementation in="BooleanUtils.java">
    public static String toString(Boolean bool, String trueString, String falseString, String nullString) {
        if (bool == null) {
            return nullString;
        }
        return bool.booleanValue() ? trueString : falseString;
    }
</implementation>
<implementation in="BooleanUtils.java">
    public static String toString(boolean bool, String trueString, String falseString) {
        return bool ? trueString : falseString;
    }
</implementation>
</callee>
<callee name="replaceEach" from="StringUtils.java">
<signature>
public static String replaceEach(String text, String[] searchList, String[] replacementList)
</signature>
<code>
    public static String replaceEach(String text, String[] searchList, String[] replacementList) {
        return replaceEach(text, searchList, replacementList, false, 0);
    }
</code>
</callee>

The failing test below shows how to reach the bug. Use it with TWO strategies:

1. ANCHOR: call the target with the exact input(s) from the test first. This is your guaranteed crash on the buggy version.

2. EXPLORE: after the anchor, use FuzzedDataProvider to vary the same input shape. Overfitting patches typically fix only the seed input; fuzzed neighbours catch them.
Expected throwable: java.lang.NullPointerException. Let it propagate uncaught from fuzzerTestOneInput. Catch only checked exceptions declared by the target (rethrow as RuntimeException).
GROUND-TRUTH CRASH (captured by running the trigger test on the buggy version — this is the verified failure, trust it over anything inferred from the test body):
<ground_truth_crash>
throwable: java.lang.NullPointerException
thrown_at: org.apache.commons.lang3.StringUtils.replaceEach(StringUtils.java:3676)
</ground_truth_crash>
Trigger lines: null passed as an array element. Mirror these calls:
<key_calls class="org.apache.commons.lang3.StringUtilsTest" method="testReplace_StringStringArrayStringArray">
assertNull(StringUtils.replaceEach(null, new String[]{"a"}, new String[]{"b"}));
assertEquals(StringUtils.replaceEach("aba", null, null),"aba");
assertEquals(StringUtils.replaceEach("aba", new String[0], null),"aba");
assertEquals(StringUtils.replaceEach("aba", null, new String[0]),"aba");
assertEquals(StringUtils.replaceEach("aba", new String[]{"a"}, null),"aba");
assertEquals(StringUtils.replaceEach("aba", new String[]{null}, new String[]{"a"}),"aba");
assertEquals(StringUtils.replaceEach("aba", new String[]{"a"}, new String[]{null}),"aba");
assertEquals(StringUtils.replaceEach("aba", new String[]{"a", "b"}, new String[]{"c", null}),"cbc");
</key_calls>
<failing_test class="org.apache.commons.lang3.StringUtilsTest" method="testReplace_StringStringArrayStringArray">
    public void testReplace_StringStringArrayStringArray() {

        
        //JAVADOC TESTS START
        assertNull(StringUtils.replaceEach(null, new String[]{"a"}, new String[]{"b"}));
        assertEquals(StringUtils.replaceEach("", new String[]{"a"}, new String[]{"b"}),"");
        assertEquals(StringUtils.replaceEach("aba", null, null),"aba");
        assertEquals(StringUtils.replaceEach("aba", new String[0], null),"aba");
        assertEquals(StringUtils.replaceEach("aba", null, new String[0]),"aba");
        assertEquals(StringUtils.replaceEach("aba", new String[]{"a"}, null),"aba");

        assertEquals(StringUtils.replaceEach("aba", new String[]{"a"}, new String[]{""}),"b");
        assertEquals(StringUtils.replaceEach("aba", new String[]{null}, new String[]{"a"}),"aba");
        assertEquals(StringUtils.replaceEach("abcde", new String[]{"ab", "d"}, new String[]{"w", "t"}),"wcte");
        assertEquals(StringUtils.replaceEach("abcde", new String[]{"ab", "d"}, new String[]{"d", "t"}),"dcte");
        //JAVADOC TESTS END

        assertEquals("bcc", StringUtils.replaceEach("abc", new String[]{"a", "b"}, new String[]{"b", "c"}));
        assertEquals("q651.506bera", StringUtils.replaceEach("d216.102oren",
            new String[]{"a", "b", "c", "d", "e", "f", "g", "h", "i", "j", "k", "l", "m", "n", 
                "o", "p", "q", "r", "s", "t", "u", "v", "w", "x", "y", "z", "A", "B", "C", "D", 
                "E", "F", "G", "H", "I", "J", "K", "L", "M", "N", "O", "
        // ... (truncated)
</failing_test>

Use ONLY these FuzzedDataProvider methods (no invented overloads):

    int     consumeInt()                    // any int
    int     consumeInt(int min, int max)    // inclusive
    byte    consumeByte()
    boolean consumeBoolean()
    String  consumeString(int maxLength)    // ONE arg
    String  consumeAsciiString(int maxLength)
    String  consumeRemainingAsString()
    byte[]  consumeBytes(int maxLength)
    byte[]  consumeRemainingAsBytes()
    int     remainingBytes()

Catch only checked exceptions declared by the target (rethrow as RuntimeException); let everything else propagate.

Complete the skeleton below. Fill in ONLY the `// >>> YOUR CODE HERE <<<` region. Do NOT change the package, import, class name, or entrypoint. Do NOT add a `main` method. Add extra imports only if javac requires them, directly below the existing import.
<skeleton>
package org.apache.commons.lang3;

import com.code_intelligence.jazzer.api.FuzzedDataProvider;

public class FuzzHarness {
    public static void fuzzerTestOneInput(com.code_intelligence.jazzer.api.FuzzedDataProvider data) {
        // >>> YOUR CODE HERE <<<
    }
}
</skeleton>

Before the construction code, add a `/* ... */` comment on the first line inside the entrypoint body identifying (a) the bug class and (b) the minimal input shape that reaches the fault. Nothing above the package line.
################################################

==================== attempt 001/30 ====================
--- raw LLM response ---
package org.apache.commons.lang3;

import com.code_intelligence.jazzer.api.FuzzedDataProvider;

public class FuzzHarness {
    public static void fuzzerTestOneInput(com.code_intelligence.jazzer.api.FuzzedDataProvider data) {
        /* Bug: StringUtils.replaceEach NullPointerException when a null element exists in replacementList (or searchList) and at least one valid match is found; Minimal input: text="aba", search={"a","b"}, replacement={"c", null} */
        // ANCHOR: exact failing input
        StringUtils.replaceEach("aba", new String[]{"a", "b"}, new String[]{"c", null});

        // EXPLORE: vary the same input shape
        String text = data.consumeString(64);
        if (text == null || text.isEmpty()) {
            text = "aba";
        }

        // Ensure s0 occurs in text so that at least one valid match is found
        int pos0 = data.consumeInt(0, text.length() - 1);
        String s0 = text.substring(pos0, pos0 + 1);

        String s1 = data.consumeAsciiString(8);
        if (s1 == null) {
            s1 = "b";
        }

        String r0 = data.consumeString(16);
        if (r0 == null) {
            r0 = "c";
        }

        String[] search = new String[] { s0, s1 };
        String[] repl = new String[] { r0, null };

        StringUtils.replaceEach(text, search, repl);
    }
}
✗ compiled but did NOT trigger on the buggy version (rc=1) — rejecting

==================== attempt 002/30 (repair turn) ====================
--- raw LLM response ---
package org.apache.commons.lang3;

import com.code_intelligence.jazzer.api.FuzzedDataProvider;

public class FuzzHarness {
    public static void fuzzerTestOneInput(com.code_intelligence.jazzer.api.FuzzedDataProvider data) {
        /* Bug: StringUtils.replaceEach NPE when replacementList contains a null and at least one match is found; Minimal input: text="aba", search={"a","b"}, replacement={"c", null} */
        // ANCHOR: exact failing input from the test
        org.apache.commons.lang3.StringUtils.replaceEach("aba", new String[]{"a", "b"}, new String[]{"c", null});

        // Additional anchored variant to increase the chance to hit the buggy path
        org.apache.commons.lang3.StringUtils.replaceEach("abcde", new String[]{"ab", "d"}, new String[]{"w", null});

        // EXPLORE: generate similar-shaped inputs that satisfy the preconditions
        int len = data.consumeInt(2, 5);

        String text = data.consumeString(256);
        if (text == null) {
            text = "";
        }

        String[] search = new String[len];
        String[] repl = new String[len];

        // Choose one index with a non-null replacement that must match in text,
        // and a distinct index with a null replacement to trigger the buggy NPE in the size-guess loop.
        int activeIdx = data.consumeInt(0, len - 1);
        int nullIdx = data.consumeInt(0, len - 1);
        if (nullIdx == activeIdx) {
            nullIdx = (activeIdx + 1) % len;
        }

        for (int i = 0; i < len; i++) {
            if (i == activeIdx) {
                String s = data.consumeAsciiString(16);
                if (s == null || s.isEmpty()) {
                    s = "a";
                }
                search[i] = s;
                String r = data.consumeString(16);
                if (r == null) {
                    r = "c";
                }
                repl[i] = r; // non-null replacement to participate in matching
            } else if (i == nullIdx) {
                String s = data.consumeAsciiString(16);
                if (s == null || s.isEmpty()) {
                    s = "b";
                }
                search[i] = s;
                repl[i] = null; // the null that triggers the buggy path after a match is found
            } else {
                String s = data.consumeAsciiString(8);
                if (s == null) {
                    s = "x";
                }
                search[i] = s;
                String r = data.consumeString(8);
                if (r == null) {
                    r = "";
                }
                repl[i] = r; // keep non-null to avoid masking the targeted null
            }
        }

        // Ensure at least one actual match so we pass the early return and hit the buggy counting loop.
        if (!text.contains(search[activeIdx])) {
            text = search[activeIdx] + text + search[activeIdx];
        }

        org.apache.commons.lang3.StringUtils.replaceEach(text, search, repl);
    }
}
✗ compiled but did NOT trigger on the buggy version (rc=1) — rejecting

==================== attempt 003/30 (repair turn) ====================
--- raw LLM response ---
package org.apache.commons.lang3;

import com.code_intelligence.jazzer.api.FuzzedDataProvider;

public class FuzzHarness {
    public static void fuzzerTestOneInput(com.code_intelligence.jazzer.api.FuzzedDataProvider data) {
        /* Bug: StringUtils.replaceEach NPE in size-guess loop when any searchList[i] or replacementList[i] is null but at least one valid match exists; Minimal input: text="aba", search={"a","b"}, replacement={"c", null} */

        // Hard anchors that should trigger the buggy NPE:
        StringUtils.replaceEach("aba", new String[]{"a", "b"}, new String[]{"c", null});
        StringUtils.replaceEach("a", new String[]{"a", null}, new String[]{"c", "d"});
        StringUtils.replaceEach("abcde", new String[]{"ab", "d"}, new String[]{"w", null});
        StringUtils.replaceEach("za", new String[]{"a", "x"}, new String[]{"c", null});

        // Explore around the same shape
        String text = data.consumeString(128);
        if (text == null || text.length() == 0) {
            text = "seed";
        }

        // Ensure at least length 2 to have one matching, one null entry
        int len = data.consumeInt(2, 6);
        String[] search = new String[len];
        String[] repl = new String[len];

        // Choose indices
        int activeIdx = 0; // ensure one definite matching pair
        int nullReplIdx = 1 % len;

        // active pair: non-null search and replacement, and guaranteed match
        String s0 = data.consumeAsciiString(16);
        if (s0 == null || s0.isEmpty()) {
            s0 = "a";
        }
        String r0 = data.consumeString(16);
        if (r0 == null) {
            r0 = "c";
        }
        // Ensure the text contains s0 so we find at least one match
        if (!text.contains(s0)) {
            text = s0 + text + s0;
        }
        search[activeIdx] = s0;
        repl[activeIdx] = r0;

        // second pair: null replacement to provoke NPE in the buggy loop
        String s1 = data.consumeAsciiString(8);
        if (s1 == null || s1.isEmpty()) {
            s1 = "b";
        }
        search[nullReplIdx] = s1;
        repl[nullReplIdx] = null;

        // Fill remaining entries; occasionally introduce a null search to also hit the other null case
        for (int i = 2; i < len; i++) {
            if (data.consumeBoolean()) {
                search[i] = null; // provoke NPE via searchList[i].length()
                repl[i] = data.consumeString(8);
                if (repl[i] == null) {
                    repl[i] = "";
                }
            } else {
                String si = data.consumeAsciiString(8);
                if (si == null) {
                    si = "x";
                }
                search[i] = si;
                String ri = data.consumeString(8);
                if (ri == null && data.consumeBoolean()) {
                    // sometimes add an extra null replacement beyond the designated one
                    repl[i] = null;
                } else {
                    if (ri == null) ri = "";
                    repl[i] = ri;
                }
            }
        }

        StringUtils.replaceEach(text, search, repl);
    }
}
✗ compiled but did NOT trigger on the buggy version (rc=1) — rejecting

==================== attempt 004/30 (repair turn) ====================
--- raw LLM response ---
package org.apache.commons.lang3;

import com.code_intelligence.jazzer.api.FuzzedDataProvider;

public class FuzzHarness {
    public static void fuzzerTestOneInput(com.code_intelligence.jazzer.api.FuzzedDataProvider data) {
        /* Bug: StringUtils.replaceEach NPE in size-guess loop when a null appears in search/replacement arrays but at least one valid match exists. Minimal input: text="aba", search={"a","b"}, replacement={"c", null}. */
        // Strict ANCHOR: exact crashing input on buggy version
        StringUtils.replaceEach("aba", new String[]{"a", "b"}, new String[]{"c", null});

        // Secondary anchor variant
        StringUtils.replaceEach("abcde", new String[]{"ab", "d"}, new String[]{"w", null});

        // Lightweight exploration around the same shape
        String t = data.consumeString(64);
        if (t == null || t.isEmpty()) t = "aba";

        String s0 = "a";
        String s1 = "b";
        String r0 = "c";
        String[] search = new String[] { s0, s1 };
        String[] repl = new String[] { r0, null };

        if (!t.contains(s0)) {
            t = s0 + t + s0;
        }

        StringUtils.replaceEach(t, search, repl);
    }
}
✗ compiled but did NOT trigger on the buggy version (rc=1) — rejecting
⟲ 3 repair turns failed in a row — resetting to a fresh prompt
#################### prompt ####################
Write a Jazzer harness. Rules:

- Class named exactly `FuzzHarness`.
- Entrypoint exactly:
    public static void fuzzerTestOneInput(com.code_intelligence.jazzer.api.FuzzedDataProvider data)
- Package: `org.apache.commons.lang3` (`package org.apache.commons.lang3;` at the top).
  Same-package placement gives direct access to package-private members — no reflection.
- Output raw Java only: no markdown fences, no prose. A leading `/* ... */` comment is allowed. Must compile with `javac` against the project classpath plus jazzer-api.jar.

Codebase: `Lang_39_buggy`. The patch below touches the functions listed. Your harness must call those functions so the patched behaviour is reachable from the fuzz entrypoint.

Patch under analysis:
<patch>
--- /src/java/org/apache/commons/lang3/StringUtils.java
+++ /src/java/org/apache/commons/lang3/StringUtils.java	
@@ -3642,9 +3642,12 @@
         // index of replace array that will replace the search string found
         // NOTE: logic duplicated below START
         for (int i = 0; i < searchLength; i++) {
-            if (noMoreMatchesForReplIndex[i] || searchList[i] == null || 
-                searchList[i].length() == 0 || replacementList[i] == null) 
+            if (noMoreMatchesForReplIndex[i] || searchList[i] == null ||
+                    searchList[i].length() == 0 || replacementList[i] == null)
             {
+//ACS's patch begin
+ if (replaceIndex==0.0){return "cbc";}
+//ACS's patch end
                 continue;
             }
</patch>

Available imports from the modified file (copy exactly when you need these types):
<source_imports>
import java.util.ArrayList;
import java.util.Iterator;
import java.util.List;
import java.util.Locale;
</source_imports>

Function `replaceEach`:
<signature>
private static String replaceEach(String text, String[] searchList, String[] replacementList, boolean repeat, int timeToLive)
</signature>
<code>
    private static String replaceEach(String text, String[] searchList, String[] replacementList, 
                                      boolean repeat, int timeToLive) 
    {

        // mchyzer Performance note: This creates very few new objects (one major goal)
        // let me know if there are performance requests, we can create a harness to measure

        if (text == null || text.length() == 0 || searchList == null || 
            searchList.length == 0 || replacementList == null || replacementList.length == 0) 
        {
            return text;
        }

        // if recursing, this shouldnt be less than 0
        if (timeToLive < 0) {
            throw new IllegalStateException("TimeToLive of " + timeToLive + " is less than 0: " + text);
        }

        int searchLength = searchList.length;
        int replacementLength = replacementList.length;

        // make sure lengths are ok, these need to be equal
        if (searchLength != replacementLength) {
            throw new IllegalArgumentException("Search and Replace array lengths don't match: "
                + searchLength
                + " vs "
                + replacementLength);
        }

        // keep track of which still have matches
        boolean[] noMoreMatchesForReplIndex = new boolean[searchLength];

        // index on index that the match was found
        int textIndex = -1;
        int replaceIndex = -1;
        int tempIndex = -1;

        // index of replace array that will replace the search string found
        // NOTE: logic duplicated below START
        for (int i = 0; i < searchLength; i++) {
            if (noMoreMatchesForReplIndex[i] || searchList[i] == null || 
                searchList[i].length() == 0 || replacementList[i] == null) 
            {
                continue;
            }
            tempIndex = text.indexOf(searchList[i]);

            // see if we need to keep searching for this
            if (tempIndex == -1) {
                noMoreMatchesForReplIndex[i] = true;
            } else {
                if (textIndex == -1 || tempIndex < textIndex) {
                    textIndex = tempIndex;
                    replaceIndex = i;
                }
            }
        }
        // NOTE: logic mostly below END

        // no search strings found, we are done
        if (textIndex == -1) {
            return text;
        }

        int start = 0;

        // get a good guess on the size of the result buffer so it doesnt have to double if it goes over a bit
        int increase = 0;

        // count the replacement text elements that are larger than their corresponding text being replaced
        for (int i = 0; i < searchList.length; i++) {
            int greater = replacementList[i].length() - searchList[i].length();
            if (greater > 0) {
                increase += 3 * greater; // assume 3 matches
            }
        }
        // have upper-bound at 20% increase, then let Java take over
        increase = Math.min(increase, text.length() / 5);

        StringBuilder buf = new StringBuilder(text.length() + increase);

        while (textIndex != -1) {

            for (int i = start; i < textIndex; i++) {
                buf.append(text.charAt(i));
            }
            buf.append(replacementList[replaceIndex]);

            start = textIndex + searchList[replaceIndex].length();

            textIndex = -1;
            replaceIndex = -1;
            tempIndex = -1;
            // find the next earliest match
            // NOTE: logic mostly duplicated above START
            for (int i = 0; i < searchLength; i++) {
                if (noMoreMatchesForReplIndex[i] || searchList[i] == null || 
                    searchList[i].length() == 0 || replacementList[i] == null) 
                {
                    continue;
                }
                tempIndex = text.indexOf(searchList[i], start);

                // see if we need to keep searching for this
                if (tempIndex == -1) {
                    noMoreMatchesForReplIndex[i] = true;
                } else {
                    if (textIndex == -1 || tempIndex < textIndex) {
                        textIndex = tempIndex;
                        replaceIndex = i;
                    }
                }
            }
            // NOTE: logic duplicated above END

        }
        int textLength = text.length();
        for (int i = start; i < textLength; i++) {
            buf.append(text.charAt(i));
        }
        String result = buf.toString();
        if (!repeat) {
            return result;
        }

        return replaceEach(result, searchList, replacementList, repeat, timeToLive - 1);
    }
</code>
Methods called by `replaceEach` whose behaviour the patched code depends on. The body above shows how their results are USED; the declarations below show what they return and how real implementations behave. To reach the fault you usually need to drive the target through one of these implementations with an input that makes its return value exercise the patched path.
<callee name="length" from="StringUtils.java">
<signature>
public static int length(String str)
</signature>
<code>
    public static int length(String str) {
        return str == null ? 0 : str.length();
    }
</code>
</callee>
<callee name="indexOf" from="ArrayUtils.java">
<signature>
public static int indexOf(Object[] array, Object objectToFind)
</signature>
<code>
    public static int indexOf(Object[] array, Object objectToFind) {
        return indexOf(array, objectToFind, 0);
    }
</code>
<implementation in="ArrayUtils.java">
    public static int indexOf(Object[] array, Object objectToFind) {
        return indexOf(array, objectToFind, 0);
    }
</implementation>
<implementation in="ArrayUtils.java">
    public static int indexOf(Object[] array, Object objectToFind, int startIndex) {
        if (array == null) {
            return INDEX_NOT_FOUND;
        }
        if (startIndex < 0) {
            startIndex = 0;
        }
        if (objectToFind == null) {
            for (int i = startIndex; i < array.length; i++) {
                if (array[i] == null) {
                    return i;
                }
            }
        } else if (array.getClass().getComponentType().isInstance(objectToFind)) {
            for (int i = startIndex; i < array.length; i++) {
                if (objectToFind.equals(array[i])) {
                    return i;
                }
            }
        }
        return INDEX_NOT_FOUND;
    }
</implementation>
<implementation in="ArrayUtils.java">
    public static int indexOf(long[] array, long valueToFind) {
        return indexOf(array, valueToFind, 0);
    }
</implementation>
<implementation in="ArrayUtils.java">
    public static int indexOf(long[] array, long valueToFind, int startIndex) {
        if (array == null) {
            return INDEX_NOT_FOUND;
        }
        if (startIndex < 0) {
            startIndex = 0;
        }
        for (int i = startIndex; i < array.length; i++) {
            if (valueToFind == array[i]) {
                return i;
            }
        }
        return INDEX_NOT_FOUND;
    }
</implementation>
</callee>
<callee name="min" from="ObjectUtils.java">
<signature>
public static T min(T c1, T c2)
</signature>
<code>
    public static <T extends Comparable<? super T>> T min(T c1, T c2) {
        if (c1 != null && c2 != null) {
            return c1.compareTo(c2) < 1 ? c1 : c2;
        } else {
            return c1 != null ? c1 : c2;
        }                              
    }
</code>
</callee>
<callee name="toString" from="ArrayUtils.java">
<signature>
public static String toString(Object array)
</signature>
<code>
    public static String toString(Object array) {
        return toString(array, "{}");
    }
</code>
<implementation in="ArrayUtils.java">
    public static String toString(Object array) {
        return toString(array, "{}");
    }
</implementation>
<implementation in="ArrayUtils.java">
    public static String toString(Object array, String stringIfNull) {
        if (array == null) {
            return stringIfNull;
        }
        return new ToStringBuilder(array, ToStringStyle.SIMPLE_STYLE).append(array).toString();
    }
</implementation>
<implementation in="BooleanUtils.java">
    public static String toString(Boolean bool, String trueString, String falseString, String nullString) {
        if (bool == null) {
            return nullString;
        }
        return bool.booleanValue() ? trueString : falseString;
    }
</implementation>
<implementation in="BooleanUtils.java">
    public static String toString(boolean bool, String trueString, String falseString) {
        return bool ? trueString : falseString;
    }
</implementation>
</callee>
<callee name="replaceEach" from="StringUtils.java">
<signature>
public static String replaceEach(String text, String[] searchList, String[] replacementList)
</signature>
<code>
    public static String replaceEach(String text, String[] searchList, String[] replacementList) {
        return replaceEach(text, searchList, replacementList, false, 0);
    }
</code>
</callee>

The failing test below shows how to reach the bug. Use it with TWO strategies:

1. ANCHOR: call the target with the exact input(s) from the test first. This is your guaranteed crash on the buggy version.

2. EXPLORE: after the anchor, use FuzzedDataProvider to vary the same input shape. Overfitting patches typically fix only the seed input; fuzzed neighbours catch them.
Expected throwable: java.lang.NullPointerException. Let it propagate uncaught from fuzzerTestOneInput. Catch only checked exceptions declared by the target (rethrow as RuntimeException).
GROUND-TRUTH CRASH (captured by running the trigger test on the buggy version — this is the verified failure, trust it over anything inferred from the test body):
<ground_truth_crash>
throwable: java.lang.NullPointerException
thrown_at: org.apache.commons.lang3.StringUtils.replaceEach(StringUtils.java:3676)
</ground_truth_crash>
Trigger lines: null passed as an array element. Mirror these calls:
<key_calls class="org.apache.commons.lang3.StringUtilsTest" method="testReplace_StringStringArrayStringArray">
assertNull(StringUtils.replaceEach(null, new String[]{"a"}, new String[]{"b"}));
assertEquals(StringUtils.replaceEach("aba", null, null),"aba");
assertEquals(StringUtils.replaceEach("aba", new String[0], null),"aba");
assertEquals(StringUtils.replaceEach("aba", null, new String[0]),"aba");
assertEquals(StringUtils.replaceEach("aba", new String[]{"a"}, null),"aba");
assertEquals(StringUtils.replaceEach("aba", new String[]{null}, new String[]{"a"}),"aba");
assertEquals(StringUtils.replaceEach("aba", new String[]{"a"}, new String[]{null}),"aba");
assertEquals(StringUtils.replaceEach("aba", new String[]{"a", "b"}, new String[]{"c", null}),"cbc");
</key_calls>
<failing_test class="org.apache.commons.lang3.StringUtilsTest" method="testReplace_StringStringArrayStringArray">
    public void testReplace_StringStringArrayStringArray() {

        
        //JAVADOC TESTS START
        assertNull(StringUtils.replaceEach(null, new String[]{"a"}, new String[]{"b"}));
        assertEquals(StringUtils.replaceEach("", new String[]{"a"}, new String[]{"b"}),"");
        assertEquals(StringUtils.replaceEach("aba", null, null),"aba");
        assertEquals(StringUtils.replaceEach("aba", new String[0], null),"aba");
        assertEquals(StringUtils.replaceEach("aba", null, new String[0]),"aba");
        assertEquals(StringUtils.replaceEach("aba", new String[]{"a"}, null),"aba");

        assertEquals(StringUtils.replaceEach("aba", new String[]{"a"}, new String[]{""}),"b");
        assertEquals(StringUtils.replaceEach("aba", new String[]{null}, new String[]{"a"}),"aba");
        assertEquals(StringUtils.replaceEach("abcde", new String[]{"ab", "d"}, new String[]{"w", "t"}),"wcte");
        assertEquals(StringUtils.replaceEach("abcde", new String[]{"ab", "d"}, new String[]{"d", "t"}),"dcte");
        //JAVADOC TESTS END

        assertEquals("bcc", StringUtils.replaceEach("abc", new String[]{"a", "b"}, new String[]{"b", "c"}));
        assertEquals("q651.506bera", StringUtils.replaceEach("d216.102oren",
            new String[]{"a", "b", "c", "d", "e", "f", "g", "h", "i", "j", "k", "l", "m", "n", 
                "o", "p", "q", "r", "s", "t", "u", "v", "w", "x", "y", "z", "A", "B", "C", "D", 
                "E", "F", "G", "H", "I", "J", "K", "L", "M", "N", "O", "
        // ... (truncated)
</failing_test>

Use ONLY these FuzzedDataProvider methods (no invented overloads):

    int     consumeInt()                    // any int
    int     consumeInt(int min, int max)    // inclusive
    byte    consumeByte()
    boolean consumeBoolean()
    String  consumeString(int maxLength)    // ONE arg
    String  consumeAsciiString(int maxLength)
    String  consumeRemainingAsString()
    byte[]  consumeBytes(int maxLength)
    byte[]  consumeRemainingAsBytes()
    int     remainingBytes()

Catch only checked exceptions declared by the target (rethrow as RuntimeException); let everything else propagate.

Complete the skeleton below. Fill in ONLY the `// >>> YOUR CODE HERE <<<` region. Do NOT change the package, import, class name, or entrypoint. Do NOT add a `main` method. Add extra imports only if javac requires them, directly below the existing import.
<skeleton>
package org.apache.commons.lang3;

import com.code_intelligence.jazzer.api.FuzzedDataProvider;

public class FuzzHarness {
    public static void fuzzerTestOneInput(com.code_intelligence.jazzer.api.FuzzedDataProvider data) {
        // >>> YOUR CODE HERE <<<
    }
}
</skeleton>

Before the construction code, add a `/* ... */` comment on the first line inside the entrypoint body identifying (a) the bug class and (b) the minimal input shape that reaches the fault. Nothing above the package line.
################################################

==================== attempt 005/30 ====================
--- raw LLM response ---
package org.apache.commons.lang3;

import com.code_intelligence.jazzer.api.FuzzedDataProvider;

public class FuzzHarness {
    public static void fuzzerTestOneInput(com.code_intelligence.jazzer.api.FuzzedDataProvider data) {
        /* Bug: NPE in StringUtils.replaceEach when replacementList contains null and at least one match exists. Minimal input: text="aba", search={"a","b"}, repl={"c", null}. */
        // ANCHOR: exact trigger from the failing test
        StringUtils.replaceEach("aba", new String[] { "a", "b" }, new String[] { "c", null });

        // EXPLORE: vary around the same shape
        for (int round = 0; round < 3; round++) {
            String text = data.consumeAsciiString(64);
            if (data.consumeBoolean()) {
                text = null;
            }

            int n = data.consumeInt(0, 4);
            String[] searchList = null;
            String[] replacementList = null;

            boolean useNullArrays = data.consumeBoolean() && n != 0;

            if (!useNullArrays) {
                searchList = new String[n];
                replacementList = new String[n];

                for (int i = 0; i < n; i++) {
                    // allow nulls and empty strings
                    if (data.consumeBoolean()) {
                        searchList[i] = null;
                    } else {
                        searchList[i] = data.consumeAsciiString(5);
                    }
                    if (data.consumeBoolean()) {
                        replacementList[i] = null;
                    } else {
                        replacementList[i] = data.consumeAsciiString(5);
                    }
                }

                // Bias towards the crash condition: at least one match + at least one null replacement
                if (n >= 2 && data.consumeBoolean()) {
                    String s1 = searchList[0];
                    if (s1 == null || s1.length() == 0) {
                        s1 = "a";
                        searchList[0] = s1;
                    }
                    if (replacementList[0] == null) {
                        replacementList[0] = "c";
                    }
                    // ensure another entry has null replacement to mirror the bug scenario
                    replacementList[1] = null;

                    String s2 = searchList[1];
                    if (s2 == null || s2.length() == 0 || s2.equals(s1)) {
                        s2 = "b";
                        searchList[1] = s2;
                    }

                    String mid = data.consumeAsciiString(1);
                    if (mid == null || mid.length() == 0) {
                        mid = "x";
                    }
                    // ensure s1 occurs and likely first, to drive the early match logic
                    text = (text == null || data.consumeBoolean()) ? (s1 + mid + s1) : (s1 + text + s1);
                }
            } else {
                // Either both null or both empty; both avoid IllegalArgumentException on mismatched lengths
                if (data.consumeBoolean()) {
                    searchList = null;
                    replacementList = null;
                } else {
                    searchList = new String[0];
                    replacementList = new String[0];
                }
            }

            StringUtils.replaceEach(text, searchList, replacementList);
        }
    }
}
✗ compiled but did NOT trigger on the buggy version (rc=1) — rejecting

==================== attempt 006/30 (repair turn) ====================
--- raw LLM response ---
package org.apache.commons.lang3;

import com.code_intelligence.jazzer.api.FuzzedDataProvider;

public class FuzzHarness {
    public static void fuzzerTestOneInput(com.code_intelligence.jazzer.api.FuzzedDataProvider data) {
        /* Bug: NPE in StringUtils.replaceEach when replacementList contains a null element; minimal input: text="aba", search={"a","b"}, repl={"c", null}. */
        // ANCHOR: exact reproducer for the buggy version
        StringUtils.replaceEach("aba", new String[] { "a", "b" }, new String[] { "c", null });

        // EXPLORE: generate similar shapes with at least one null in replacementList and at least one match
        int n = data.consumeInt(1, 4);
        String[] search = new String[n];
        String[] repl = new String[n];

        // Ensure at least one non-null, non-empty search term to create a match
        int forceIndex = data.consumeInt(0, n - 1);
        String forcedSearch = data.consumeBoolean() ? "a" : "x";
        search[forceIndex] = forcedSearch;
        repl[forceIndex] = data.consumeBoolean() ? data.consumeAsciiString(4) : "c";

        // Fill the rest, allowing nulls
        for (int i = 0; i < n; i++) {
            if (i != forceIndex) {
                search[i] = data.consumeBoolean() ? data.consumeAsciiString(4) : (data.consumeBoolean() ? "" : null);
                repl[i] = data.consumeBoolean() ? data.consumeAsciiString(4) : (data.consumeBoolean() ? "" : null);
            }
        }

        // Ensure at least one null in replacement list to exercise the bug
        boolean hasNull = false;
        for (int i = 0; i < n; i++) {
            if (repl[i] == null) {
                hasNull = true;
                break;
            }
        }
        if (!hasNull) {
            int idx = (forceIndex + 1) % n;
            repl[idx] = null;
        }

        // Build text that likely contains the forcedSearch to guarantee a match
        String prefix = data.consumeAsciiString(8);
        if (prefix == null) {
            prefix = "";
        }
        String middle = data.consumeAsciiString(8);
        if (middle == null) {
            middle = "";
        }
        String suffix = data.consumeAsciiString(8);
        if (suffix == null) {
            suffix = "";
        }
        String text = prefix + forcedSearch + middle + forcedSearch + suffix;

        StringUtils.replaceEach(text, search, repl);
    }
}
✗ compiled but did NOT trigger on the buggy version (rc=1) — rejecting

==================== attempt 007/30 (repair turn) ====================
--- raw LLM response ---
package org.apache.commons.lang3;

import com.code_intelligence.jazzer.api.FuzzedDataProvider;

public class FuzzHarness {
    public static void fuzzerTestOneInput(com.code_intelligence.jazzer.api.FuzzedDataProvider data) {
        /* Bug: StringUtils.replaceEach NPE when replacementList contains a null and at least one non-null pair matches. Minimal: text="aba", search={"a","b"}, repl={"c", null}. */
        // ANCHOR: guaranteed trigger on buggy version
        StringUtils.replaceEach("aba", new String[] { "a", "b" }, new String[] { "c", null });

        // EXPLORE: slight variations of the same shape
        String s0 = data.consumeAsciiString(3);
        if (s0 == null || s0.isEmpty()) s0 = "a";
        String text = s0 + "b" + s0; // ensure at least one 'a' or fallback occurs; we’ll force below
        String[] search = new String[] { "a", "b" };
        String[] repl = new String[] { "c", null };
        // Ensure at least one guaranteed match for non-null replacement
        text = "a" + data.consumeAsciiString(8) + "a";
        StringUtils.replaceEach(text, search, repl);
    }
}
✗ compiled but did NOT trigger on the buggy version (rc=1) — rejecting

==================== attempt 008/30 (repair turn) ====================
--- raw LLM response ---
package org.apache.commons.lang3;

import com.code_intelligence.jazzer.api.FuzzedDataProvider;

public class FuzzHarness {
    public static void fuzzerTestOneInput(com.code_intelligence.jazzer.api.FuzzedDataProvider data) {
        /* Bug: NPE in StringUtils.replaceEach due to null elements in replacementList during size-guess loop. Minimal shape: non-empty text; equal-length search/replacement arrays; at least one replacement is null; at least one non-null pair matches text. Example: text="aba", search={"a","b"}, repl={"c", null}. */
        // ANCHOR: direct reproducer of the known buggy input
        StringUtils.replaceEach("aba", new String[] { "a", "b" }, new String[] { "c", null });

        // Also try a couple more deterministic close variants that satisfy the same preconditions:
        StringUtils.replaceEach("bababa", new String[] { "ba", "x" }, new String[] { "c", null });
        StringUtils.replaceEach("zzza", new String[] { "a", "b" }, new String[] { "c", null });

        // EXPLORE: generate similar shapes ensuring at least one non-null replacement has a match,
        // and at least one replacement is null to trigger the buggy null handling.
        // Keep arrays equal length and non-empty to pass early validation.
        String s1 = data.consumeAsciiString(4);
        if (s1 == null || s1.isEmpty()) s1 = "a";
        String s2 = data.consumeAsciiString(4);
        if (s2 == null || s2.isEmpty() || s2.equals(s1)) s2 = "b";

        // Ensure text contains s1 so there is at least one match with a non-null replacement.
        String text = s1 + data.consumeAsciiString(8) + s1;

        // Randomly choose a non-null replacement for s1.
        String r1 = data.consumeBoolean() ? data.consumeAsciiString(4) : "c";
        if (r1 == null) r1 = "c"; // ensure non-null for the matched pair

        // Intentionally place a null in replacements to hit the buggy path.
        String r2 = null;

        StringUtils.replaceEach(text, new String[] { s1, s2 }, new String[] { r1, r2 });

        // Try a few more with different placements and sizes.
        int extra = data.consumeInt(0, 2);
        for (int k = 0; k < extra; k++) {
            String a = data.consumeAsciiString(3);
            if (a == null || a.isEmpty()) a = "x";
            String b = data.consumeAsciiString(3);
            if (b == null || b.isEmpty() || b.equals(a)) b = "y";

            // Make sure at least one term matches.
            String t = a + data.consumeAsciiString(6) + (data.consumeBoolean() ? a : "");

            // Build arrays length 2 with one null replacement.
            String ra = data.consumeBoolean() ? data.consumeAsciiString(3) : "q";
            if (ra == null) ra = "q";
            String rb = null;

            StringUtils.replaceEach(t, new String[] { a, b }, new String[] { ra, rb });
        }
    }
}
✗ compiled but did NOT trigger on the buggy version (rc=1) — rejecting
⟲ 3 repair turns failed in a row — resetting to a fresh prompt
#################### prompt ####################
Write a Jazzer harness. Rules:

- Class named exactly `FuzzHarness`.
- Entrypoint exactly:
    public static void fuzzerTestOneInput(com.code_intelligence.jazzer.api.FuzzedDataProvider data)
- Package: `org.apache.commons.lang3` (`package org.apache.commons.lang3;` at the top).
  Same-package placement gives direct access to package-private members — no reflection.
- Output raw Java only: no markdown fences, no prose. A leading `/* ... */` comment is allowed. Must compile with `javac` against the project classpath plus jazzer-api.jar.

Codebase: `Lang_39_buggy`. The patch below touches the functions listed. Your harness must call those functions so the patched behaviour is reachable from the fuzz entrypoint.

Patch under analysis:
<patch>
--- /src/java/org/apache/commons/lang3/StringUtils.java
+++ /src/java/org/apache/commons/lang3/StringUtils.java	
@@ -3642,9 +3642,12 @@
         // index of replace array that will replace the search string found
         // NOTE: logic duplicated below START
         for (int i = 0; i < searchLength; i++) {
-            if (noMoreMatchesForReplIndex[i] || searchList[i] == null || 
-                searchList[i].length() == 0 || replacementList[i] == null) 
+            if (noMoreMatchesForReplIndex[i] || searchList[i] == null ||
+                    searchList[i].length() == 0 || replacementList[i] == null)
             {
+//ACS's patch begin
+ if (replaceIndex==0.0){return "cbc";}
+//ACS's patch end
                 continue;
             }
</patch>

Available imports from the modified file (copy exactly when you need these types):
<source_imports>
import java.util.ArrayList;
import java.util.Iterator;
import java.util.List;
import java.util.Locale;
</source_imports>

Function `replaceEach`:
<signature>
private static String replaceEach(String text, String[] searchList, String[] replacementList, boolean repeat, int timeToLive)
</signature>
<code>
    private static String replaceEach(String text, String[] searchList, String[] replacementList, 
                                      boolean repeat, int timeToLive) 
    {

        // mchyzer Performance note: This creates very few new objects (one major goal)
        // let me know if there are performance requests, we can create a harness to measure

        if (text == null || text.length() == 0 || searchList == null || 
            searchList.length == 0 || replacementList == null || replacementList.length == 0) 
        {
            return text;
        }

        // if recursing, this shouldnt be less than 0
        if (timeToLive < 0) {
            throw new IllegalStateException("TimeToLive of " + timeToLive + " is less than 0: " + text);
        }

        int searchLength = searchList.length;
        int replacementLength = replacementList.length;

        // make sure lengths are ok, these need to be equal
        if (searchLength != replacementLength) {
            throw new IllegalArgumentException("Search and Replace array lengths don't match: "
                + searchLength
                + " vs "
                + replacementLength);
        }

        // keep track of which still have matches
        boolean[] noMoreMatchesForReplIndex = new boolean[searchLength];

        // index on index that the match was found
        int textIndex = -1;
        int replaceIndex = -1;
        int tempIndex = -1;

        // index of replace array that will replace the search string found
        // NOTE: logic duplicated below START
        for (int i = 0; i < searchLength; i++) {
            if (noMoreMatchesForReplIndex[i] || searchList[i] == null || 
                searchList[i].length() == 0 || replacementList[i] == null) 
            {
                continue;
            }
            tempIndex = text.indexOf(searchList[i]);

            // see if we need to keep searching for this
            if (tempIndex == -1) {
                noMoreMatchesForReplIndex[i] = true;
            } else {
                if (textIndex == -1 || tempIndex < textIndex) {
                    textIndex = tempIndex;
                    replaceIndex = i;
                }
            }
        }
        // NOTE: logic mostly below END

        // no search strings found, we are done
        if (textIndex == -1) {
            return text;
        }

        int start = 0;

        // get a good guess on the size of the result buffer so it doesnt have to double if it goes over a bit
        int increase = 0;

        // count the replacement text elements that are larger than their corresponding text being replaced
        for (int i = 0; i < searchList.length; i++) {
            int greater = replacementList[i].length() - searchList[i].length();
            if (greater > 0) {
                increase += 3 * greater; // assume 3 matches
            }
        }
        // have upper-bound at 20% increase, then let Java take over
        increase = Math.min(increase, text.length() / 5);

        StringBuilder buf = new StringBuilder(text.length() + increase);

        while (textIndex != -1) {

            for (int i = start; i < textIndex; i++) {
                buf.append(text.charAt(i));
            }
            buf.append(replacementList[replaceIndex]);

            start = textIndex + searchList[replaceIndex].length();

            textIndex = -1;
            replaceIndex = -1;
            tempIndex = -1;
            // find the next earliest match
            // NOTE: logic mostly duplicated above START
            for (int i = 0; i < searchLength; i++) {
                if (noMoreMatchesForReplIndex[i] || searchList[i] == null || 
                    searchList[i].length() == 0 || replacementList[i] == null) 
                {
                    continue;
                }
                tempIndex = text.indexOf(searchList[i], start);

                // see if we need to keep searching for this
                if (tempIndex == -1) {
                    noMoreMatchesForReplIndex[i] = true;
                } else {
                    if (textIndex == -1 || tempIndex < textIndex) {
                        textIndex = tempIndex;
                        replaceIndex = i;
                    }
                }
            }
            // NOTE: logic duplicated above END

        }
        int textLength = text.length();
        for (int i = start; i < textLength; i++) {
            buf.append(text.charAt(i));
        }
        String result = buf.toString();
        if (!repeat) {
            return result;
        }

        return replaceEach(result, searchList, replacementList, repeat, timeToLive - 1);
    }
</code>
Methods called by `replaceEach` whose behaviour the patched code depends on. The body above shows how their results are USED; the declarations below show what they return and how real implementations behave. To reach the fault you usually need to drive the target through one of these implementations with an input that makes its return value exercise the patched path.
<callee name="length" from="StringUtils.java">
<signature>
public static int length(String str)
</signature>
<code>
    public static int length(String str) {
        return str == null ? 0 : str.length();
    }
</code>
</callee>
<callee name="indexOf" from="ArrayUtils.java">
<signature>
public static int indexOf(Object[] array, Object objectToFind)
</signature>
<code>
    public static int indexOf(Object[] array, Object objectToFind) {
        return indexOf(array, objectToFind, 0);
    }
</code>
<implementation in="ArrayUtils.java">
    public static int indexOf(Object[] array, Object objectToFind) {
        return indexOf(array, objectToFind, 0);
    }
</implementation>
<implementation in="ArrayUtils.java">
    public static int indexOf(Object[] array, Object objectToFind, int startIndex) {
        if (array == null) {
            return INDEX_NOT_FOUND;
        }
        if (startIndex < 0) {
            startIndex = 0;
        }
        if (objectToFind == null) {
            for (int i = startIndex; i < array.length; i++) {
                if (array[i] == null) {
                    return i;
                }
            }
        } else if (array.getClass().getComponentType().isInstance(objectToFind)) {
            for (int i = startIndex; i < array.length; i++) {
                if (objectToFind.equals(array[i])) {
                    return i;
                }
            }
        }
        return INDEX_NOT_FOUND;
    }
</implementation>
<implementation in="ArrayUtils.java">
    public static int indexOf(long[] array, long valueToFind) {
        return indexOf(array, valueToFind, 0);
    }
</implementation>
<implementation in="ArrayUtils.java">
    public static int indexOf(long[] array, long valueToFind, int startIndex) {
        if (array == null) {
            return INDEX_NOT_FOUND;
        }
        if (startIndex < 0) {
            startIndex = 0;
        }
        for (int i = startIndex; i < array.length; i++) {
            if (valueToFind == array[i]) {
                return i;
            }
        }
        return INDEX_NOT_FOUND;
    }
</implementation>
</callee>
<callee name="min" from="ObjectUtils.java">
<signature>
public static T min(T c1, T c2)
</signature>
<code>
    public static <T extends Comparable<? super T>> T min(T c1, T c2) {
        if (c1 != null && c2 != null) {
            return c1.compareTo(c2) < 1 ? c1 : c2;
        } else {
            return c1 != null ? c1 : c2;
        }                              
    }
</code>
</callee>
<callee name="toString" from="ArrayUtils.java">
<signature>
public static String toString(Object array)
</signature>
<code>
    public static String toString(Object array) {
        return toString(array, "{}");
    }
</code>
<implementation in="ArrayUtils.java">
    public static String toString(Object array) {
        return toString(array, "{}");
    }
</implementation>
<implementation in="ArrayUtils.java">
    public static String toString(Object array, String stringIfNull) {
        if (array == null) {
            return stringIfNull;
        }
        return new ToStringBuilder(array, ToStringStyle.SIMPLE_STYLE).append(array).toString();
    }
</implementation>
<implementation in="BooleanUtils.java">
    public static String toString(Boolean bool, String trueString, String falseString, String nullString) {
        if (bool == null) {
            return nullString;
        }
        return bool.booleanValue() ? trueString : falseString;
    }
</implementation>
<implementation in="BooleanUtils.java">
    public static String toString(boolean bool, String trueString, String falseString) {
        return bool ? trueString : falseString;
    }
</implementation>
</callee>
<callee name="replaceEach" from="StringUtils.java">
<signature>
public static String replaceEach(String text, String[] searchList, String[] replacementList)
</signature>
<code>
    public static String replaceEach(String text, String[] searchList, String[] replacementList) {
        return replaceEach(text, searchList, replacementList, false, 0);
    }
</code>
</callee>

The failing test below shows how to reach the bug. Use it with TWO strategies:

1. ANCHOR: call the target with the exact input(s) from the test first. This is your guaranteed crash on the buggy version.

2. EXPLORE: after the anchor, use FuzzedDataProvider to vary the same input shape. Overfitting patches typically fix only the seed input; fuzzed neighbours catch them.
Expected throwable: java.lang.NullPointerException. Let it propagate uncaught from fuzzerTestOneInput. Catch only checked exceptions declared by the target (rethrow as RuntimeException).
GROUND-TRUTH CRASH (captured by running the trigger test on the buggy version — this is the verified failure, trust it over anything inferred from the test body):
<ground_truth_crash>
throwable: java.lang.NullPointerException
thrown_at: org.apache.commons.lang3.StringUtils.replaceEach(StringUtils.java:3676)
</ground_truth_crash>
Trigger lines: null passed as an array element. Mirror these calls:
<key_calls class="org.apache.commons.lang3.StringUtilsTest" method="testReplace_StringStringArrayStringArray">
assertNull(StringUtils.replaceEach(null, new String[]{"a"}, new String[]{"b"}));
assertEquals(StringUtils.replaceEach("aba", null, null),"aba");
assertEquals(StringUtils.replaceEach("aba", new String[0], null),"aba");
assertEquals(StringUtils.replaceEach("aba", null, new String[0]),"aba");
assertEquals(StringUtils.replaceEach("aba", new String[]{"a"}, null),"aba");
assertEquals(StringUtils.replaceEach("aba", new String[]{null}, new String[]{"a"}),"aba");
assertEquals(StringUtils.replaceEach("aba", new String[]{"a"}, new String[]{null}),"aba");
assertEquals(StringUtils.replaceEach("aba", new String[]{"a", "b"}, new String[]{"c", null}),"cbc");
</key_calls>
<failing_test class="org.apache.commons.lang3.StringUtilsTest" method="testReplace_StringStringArrayStringArray">
    public void testReplace_StringStringArrayStringArray() {

        
        //JAVADOC TESTS START
        assertNull(StringUtils.replaceEach(null, new String[]{"a"}, new String[]{"b"}));
        assertEquals(StringUtils.replaceEach("", new String[]{"a"}, new String[]{"b"}),"");
        assertEquals(StringUtils.replaceEach("aba", null, null),"aba");
        assertEquals(StringUtils.replaceEach("aba", new String[0], null),"aba");
        assertEquals(StringUtils.replaceEach("aba", null, new String[0]),"aba");
        assertEquals(StringUtils.replaceEach("aba", new String[]{"a"}, null),"aba");

        assertEquals(StringUtils.replaceEach("aba", new String[]{"a"}, new String[]{""}),"b");
        assertEquals(StringUtils.replaceEach("aba", new String[]{null}, new String[]{"a"}),"aba");
        assertEquals(StringUtils.replaceEach("abcde", new String[]{"ab", "d"}, new String[]{"w", "t"}),"wcte");
        assertEquals(StringUtils.replaceEach("abcde", new String[]{"ab", "d"}, new String[]{"d", "t"}),"dcte");
        //JAVADOC TESTS END

        assertEquals("bcc", StringUtils.replaceEach("abc", new String[]{"a", "b"}, new String[]{"b", "c"}));
        assertEquals("q651.506bera", StringUtils.replaceEach("d216.102oren",
            new String[]{"a", "b", "c", "d", "e", "f", "g", "h", "i", "j", "k", "l", "m", "n", 
                "o", "p", "q", "r", "s", "t", "u", "v", "w", "x", "y", "z", "A", "B", "C", "D", 
                "E", "F", "G", "H", "I", "J", "K", "L", "M", "N", "O", "
        // ... (truncated)
</failing_test>

Use ONLY these FuzzedDataProvider methods (no invented overloads):

    int     consumeInt()                    // any int
    int     consumeInt(int min, int max)    // inclusive
    byte    consumeByte()
    boolean consumeBoolean()
    String  consumeString(int maxLength)    // ONE arg
    String  consumeAsciiString(int maxLength)
    String  consumeRemainingAsString()
    byte[]  consumeBytes(int maxLength)
    byte[]  consumeRemainingAsBytes()
    int     remainingBytes()

Catch only checked exceptions declared by the target (rethrow as RuntimeException); let everything else propagate.

Complete the skeleton below. Fill in ONLY the `// >>> YOUR CODE HERE <<<` region. Do NOT change the package, import, class name, or entrypoint. Do NOT add a `main` method. Add extra imports only if javac requires them, directly below the existing import.
<skeleton>
package org.apache.commons.lang3;

import com.code_intelligence.jazzer.api.FuzzedDataProvider;

public class FuzzHarness {
    public static void fuzzerTestOneInput(com.code_intelligence.jazzer.api.FuzzedDataProvider data) {
        // >>> YOUR CODE HERE <<<
    }
}
</skeleton>

Before the construction code, add a `/* ... */` comment on the first line inside the entrypoint body identifying (a) the bug class and (b) the minimal input shape that reaches the fault. Nothing above the package line.
################################################

==================== attempt 009/30 ====================
--- raw LLM response ---
package org.apache.commons.lang3;

import com.code_intelligence.jazzer.api.FuzzedDataProvider;

public class FuzzHarness {
    public static void fuzzerTestOneInput(com.code_intelligence.jazzer.api.FuzzedDataProvider data) {
        /* Bug: StringUtils.replaceEach NPE when replacementList contains a null element; minimal anchor: text="aba", search={"a","b"}, replacement={"c", null} */
        // ANCHOR: exact failing input from the test
        StringUtils.replaceEach("aba", new String[]{"a", "b"}, new String[]{"c", null});

        // EXPLORE: fuzz around the same shape
        int iterations = data.consumeInt(1, 5);
        for (int iter = 0; iter < iterations; iter++) {
            int n = data.consumeInt(2, 6);

            String text = data.consumeAsciiString(20);
            if (text == null) {
                text = "";
            }
            char ch = (char) ('a' + data.consumeInt(0, 25));
            String needle0 = String.valueOf(ch);
            if (text.length() == 0 || text.indexOf(needle0) != 0) {
                text = needle0 + text;
            }

            String[] search = new String[n];
            String[] repl = new String[n];

            // Ensure index 0 is a valid match so replaceIndex can become 0
            search[0] = needle0;
            String rep0 = data.consumeAsciiString(5);
            if (rep0 == null) rep0 = "";
            repl[0] = rep0;

            // Ensure some later replacement is null to exercise the buggy path
            int nullIndex = data.consumeInt(1, n - 1);

            for (int i = 1; i < n; i++) {
                int choice = data.consumeInt(0, 3);
                if (choice == 0) {
                    search[i] = null;
                } else if (choice == 1) {
                    search[i] = "";
                } else if (choice == 2) {
                    String s = data.consumeAsciiString(4);
                    if (s == null) s = "x";
                    search[i] = s;
                } else {
                    search[i] = "b";
                }

                if (i == nullIndex) {
                    repl[i] = null;
                } else {
                    String rv = data.consumeAsciiString(5);
                    if (rv == null) rv = "";
                    repl[i] = rv;
                }
            }

            StringUtils.replaceEach(text, search, repl);

            // Additional shapes from the test space to explore behavior
            if (data.consumeBoolean()) {
                StringUtils.replaceEach(data.consumeAsciiString(10), new String[]{data.consumeAsciiString(2)}, new String[]{null});
            } else if (data.consumeBoolean()) {
                StringUtils.replaceEach(data.consumeAsciiString(10), null, null);
            } else if (data.consumeBoolean()) {
                StringUtils.replaceEach("", new String[0], new String[0]);
            }
        }
    }
}
✗ compiled but did NOT trigger on the buggy version (rc=1) — rejecting

==================== attempt 010/30 (repair turn) ====================
--- raw LLM response ---
package org.apache.commons.lang3;

import com.code_intelligence.jazzer.api.FuzzedDataProvider;

public class FuzzHarness {
    public static void fuzzerTestOneInput(com.code_intelligence.jazzer.api.FuzzedDataProvider data) {
        /* Bug: StringUtils.replaceEach NPE when replacementList contains a null element and at least one valid match exists; minimal anchor: text="aba", search={"a","b"}, replacement={"c", null} */

        // ANCHOR: exact failing input from the test that triggers the buggy behavior (NPE on buggy, "cbc" on fixed)
        StringUtils.replaceEach("aba", new String[]{"a", "b"}, new String[]{"c", null});

        // EXPLORE: fuzz around the same shape to catch overfitting
        // Ensure at least one valid match (index 0) and at least one null replacement elsewhere.
        int n = data.consumeInt(2, 6);

        // Build a text guaranteed to contain search[0] at the start to set replaceIndex=0
        char ch0 = (char) ('a' + data.consumeInt(0, 25));
        String s0 = String.valueOf(ch0);
        String tail = data.consumeAsciiString(30);
        if (tail == null) tail = "";
        String text = s0 + tail;

        String[] search = new String[n];
        String[] repl = new String[n];

        // Ensure index 0 is a valid, non-null mapping and present in text
        search[0] = s0;
        String r0 = data.consumeAsciiString(5);
        if (r0 == null) r0 = "c";
        repl[0] = r0;

        // Ensure at least one null replacement to exercise the buggy path
        int nullIndex = data.consumeInt(1, n - 1);

        for (int i = 1; i < n; i++) {
            int which = data.consumeInt(0, 3);
            switch (which) {
                case 0:
                    search[i] = null;
                    break;
                case 1:
                    search[i] = "";
                    break;
                case 2:
                    String si = data.consumeAsciiString(4);
                    if (si == null) si = "x";
                    search[i] = si;
                    break;
                default:
                    search[i] = "b";
            }

            if (i == nullIndex) {
                repl[i] = null;
            } else {
                String ri = data.consumeAsciiString(5);
                if (ri == null) ri = "";
                repl[i] = ri;
            }
        }

        StringUtils.replaceEach(text, search, repl);
    }
}
✗ compiled but did NOT trigger on the buggy version (rc=1) — rejecting

==================== attempt 011/30 (repair turn) ====================
--- raw LLM response ---
package org.apache.commons.lang3;

import com.code_intelligence.jazzer.api.FuzzedDataProvider;

public class FuzzHarness {
    public static void fuzzerTestOneInput(com.code_intelligence.jazzer.api.FuzzedDataProvider data) {
        /* Bug: StringUtils.replaceEach NPE in size-guess "increase" loop when any replacementList[i] or searchList[i] is null; minimal anchor: text="aba", search={"a","b"}, replacement={"c", null} */

        // ANCHOR: exact minimal trigger from the failing test
        StringUtils.replaceEach("aba", new String[]{"a", "b"}, new String[]{"c", null});

        // Additional deterministic anchors to broaden coverage
        StringUtils.replaceEach("ababa", new String[]{"a", "b"}, new String[]{"c", null});
        StringUtils.replaceEach("baba", new String[]{"b", "a"}, new String[]{"d", null});

        // EXPLORE: fuzz around the shape ensuring:
        // - arrays have equal length >= 2
        // - at least one valid non-null/non-empty search with a match in text
        // - at least one null element in replacementList to exercise the buggy path
        int trials = data.consumeInt(1, 5);
        for (int t = 0; t < trials; t++) {
            int n = data.consumeInt(2, 6);

            // Ensure text contains the first search token
            char ch0 = (char) ('a' + data.consumeInt(0, 25));
            String s0 = String.valueOf(ch0);
            String textTail = data.consumeAsciiString(30);
            if (textTail == null) textTail = "";
            String text = s0 + textTail;

            String[] search = new String[n];
            String[] repl = new String[n];

            // Guaranteed valid mapping at index 0 that matches text
            search[0] = s0;
            String r0 = data.consumeAsciiString(5);
            if (r0 == null) r0 = "c";
            repl[0] = r0;

            // Ensure at least one null replacement somewhere else
            int nullIdx = data.consumeInt(1, n - 1);

            for (int i = 1; i < n; i++) {
                // Mix of possible search entries
                int mode = data.consumeInt(0, 3);
                if (mode == 0) {
                    search[i] = null;
                } else if (mode == 1) {
                    search[i] = "";
                } else if (mode == 2) {
                    String si = data.consumeAsciiString(4);
                    if (si == null) si = "x";
                    search[i] = si;
                } else {
                    search[i] = "b";
                }

                // Set one replacement to null to trigger the buggy increase-loop NPE
                if (i == nullIdx) {
                    repl[i] = null;
                } else {
                    String ri = data.consumeAsciiString(5);
                    if (ri == null) ri = "";
                    repl[i] = ri;
                }
            }

            StringUtils.replaceEach(text, search, repl);
        }
    }
}
✗ compiled but did NOT trigger on the buggy version (rc=1) — rejecting

==================== attempt 012/30 (repair turn) ====================
--- raw LLM response ---
package org.apache.commons.lang3;

import com.code_intelligence.jazzer.api.FuzzedDataProvider;

public class FuzzHarness {
    public static void fuzzerTestOneInput(com.code_intelligence.jazzer.api.FuzzedDataProvider data) {
        /* Bug: StringUtils.replaceEach NPE in increase loop when a replacementList element is null; minimal input: text="aba", search={"a","b"}, replacement={"c", null} */
        // Anchor: exact known-crashing input on the buggy version
        StringUtils.replaceEach("aba", new String[]{"a", "b"}, new String[]{"c", null});

        // Additional nearby anchors to ensure we pass initial validation and reach the changed region
        StringUtils.replaceEach("ababa", new String[]{"a", "b"}, new String[]{"c", null});
        StringUtils.replaceEach("baba", new String[]{"b", "a"}, new String[]{"d", null});

        // Targeted exploration around the same shape
        int n = 2 + Math.abs(data.consumeInt() % 4); // 2..5
        String text = "a" + data.consumeAsciiString(10);

        String[] search = new String[n];
        String[] repl = new String[n];
        search[0] = "a";
        repl[0] = "c";
        // Ensure at least one null replacement somewhere else
        for (int i = 1; i < n; i++) {
            search[i] = i == 1 ? "b" : data.consumeAsciiString(3);
            if (search[i] == null) search[i] = "x";
            repl[i] = (i == 1) ? null : data.consumeAsciiString(3);
            if (i != 1 && repl[i] == null) repl[i] = "";
        }
        StringUtils.replaceEach(text, search, repl);
    }
}
✗ compiled but did NOT trigger on the buggy version (rc=1) — rejecting
⟲ 3 repair turns failed in a row — resetting to a fresh prompt
#################### prompt ####################
Write a Jazzer harness. Rules:

- Class named exactly `FuzzHarness`.
- Entrypoint exactly:
    public static void fuzzerTestOneInput(com.code_intelligence.jazzer.api.FuzzedDataProvider data)
- Package: `org.apache.commons.lang3` (`package org.apache.commons.lang3;` at the top).
  Same-package placement gives direct access to package-private members — no reflection.
- Output raw Java only: no markdown fences, no prose. A leading `/* ... */` comment is allowed. Must compile with `javac` against the project classpath plus jazzer-api.jar.

Codebase: `Lang_39_buggy`. The patch below touches the functions listed. Your harness must call those functions so the patched behaviour is reachable from the fuzz entrypoint.

Patch under analysis:
<patch>
--- /src/java/org/apache/commons/lang3/StringUtils.java
+++ /src/java/org/apache/commons/lang3/StringUtils.java	
@@ -3642,9 +3642,12 @@
         // index of replace array that will replace the search string found
         // NOTE: logic duplicated below START
         for (int i = 0; i < searchLength; i++) {
-            if (noMoreMatchesForReplIndex[i] || searchList[i] == null || 
-                searchList[i].length() == 0 || replacementList[i] == null) 
+            if (noMoreMatchesForReplIndex[i] || searchList[i] == null ||
+                    searchList[i].length() == 0 || replacementList[i] == null)
             {
+//ACS's patch begin
+ if (replaceIndex==0.0){return "cbc";}
+//ACS's patch end
                 continue;
             }
</patch>

Available imports from the modified file (copy exactly when you need these types):
<source_imports>
import java.util.ArrayList;
import java.util.Iterator;
import java.util.List;
import java.util.Locale;
</source_imports>

Function `replaceEach`:
<signature>
private static String replaceEach(String text, String[] searchList, String[] replacementList, boolean repeat, int timeToLive)
</signature>
<code>
    private static String replaceEach(String text, String[] searchList, String[] replacementList, 
                                      boolean repeat, int timeToLive) 
    {

        // mchyzer Performance note: This creates very few new objects (one major goal)
        // let me know if there are performance requests, we can create a harness to measure

        if (text == null || text.length() == 0 || searchList == null || 
            searchList.length == 0 || replacementList == null || replacementList.length == 0) 
        {
            return text;
        }

        // if recursing, this shouldnt be less than 0
        if (timeToLive < 0) {
            throw new IllegalStateException("TimeToLive of " + timeToLive + " is less than 0: " + text);
        }

        int searchLength = searchList.length;
        int replacementLength = replacementList.length;

        // make sure lengths are ok, these need to be equal
        if (searchLength != replacementLength) {
            throw new IllegalArgumentException("Search and Replace array lengths don't match: "
                + searchLength
                + " vs "
                + replacementLength);
        }

        // keep track of which still have matches
        boolean[] noMoreMatchesForReplIndex = new boolean[searchLength];

        // index on index that the match was found
        int textIndex = -1;
        int replaceIndex = -1;
        int tempIndex = -1;

        // index of replace array that will replace the search string found
        // NOTE: logic duplicated below START
        for (int i = 0; i < searchLength; i++) {
            if (noMoreMatchesForReplIndex[i] || searchList[i] == null || 
                searchList[i].length() == 0 || replacementList[i] == null) 
            {
                continue;
            }
            tempIndex = text.indexOf(searchList[i]);

            // see if we need to keep searching for this
            if (tempIndex == -1) {
                noMoreMatchesForReplIndex[i] = true;
            } else {
                if (textIndex == -1 || tempIndex < textIndex) {
                    textIndex = tempIndex;
                    replaceIndex = i;
                }
            }
        }
        // NOTE: logic mostly below END

        // no search strings found, we are done
        if (textIndex == -1) {
            return text;
        }

        int start = 0;

        // get a good guess on the size of the result buffer so it doesnt have to double if it goes over a bit
        int increase = 0;

        // count the replacement text elements that are larger than their corresponding text being replaced
        for (int i = 0; i < searchList.length; i++) {
            int greater = replacementList[i].length() - searchList[i].length();
            if (greater > 0) {
                increase += 3 * greater; // assume 3 matches
            }
        }
        // have upper-bound at 20% increase, then let Java take over
        increase = Math.min(increase, text.length() / 5);

        StringBuilder buf = new StringBuilder(text.length() + increase);

        while (textIndex != -1) {

            for (int i = start; i < textIndex; i++) {
                buf.append(text.charAt(i));
            }
            buf.append(replacementList[replaceIndex]);

            start = textIndex + searchList[replaceIndex].length();

            textIndex = -1;
            replaceIndex = -1;
            tempIndex = -1;
            // find the next earliest match
            // NOTE: logic mostly duplicated above START
            for (int i = 0; i < searchLength; i++) {
                if (noMoreMatchesForReplIndex[i] || searchList[i] == null || 
                    searchList[i].length() == 0 || replacementList[i] == null) 
                {
                    continue;
                }
                tempIndex = text.indexOf(searchList[i], start);

                // see if we need to keep searching for this
                if (tempIndex == -1) {
                    noMoreMatchesForReplIndex[i] = true;
                } else {
                    if (textIndex == -1 || tempIndex < textIndex) {
                        textIndex = tempIndex;
                        replaceIndex = i;
                    }
                }
            }
            // NOTE: logic duplicated above END

        }
        int textLength = text.length();
        for (int i = start; i < textLength; i++) {
            buf.append(text.charAt(i));
        }
        String result = buf.toString();
        if (!repeat) {
            return result;
        }

        return replaceEach(result, searchList, replacementList, repeat, timeToLive - 1);
    }
</code>
Methods called by `replaceEach` whose behaviour the patched code depends on. The body above shows how their results are USED; the declarations below show what they return and how real implementations behave. To reach the fault you usually need to drive the target through one of these implementations with an input that makes its return value exercise the patched path.
<callee name="length" from="StringUtils.java">
<signature>
public static int length(String str)
</signature>
<code>
    public static int length(String str) {
        return str == null ? 0 : str.length();
    }
</code>
</callee>
<callee name="indexOf" from="ArrayUtils.java">
<signature>
public static int indexOf(Object[] array, Object objectToFind)
</signature>
<code>
    public static int indexOf(Object[] array, Object objectToFind) {
        return indexOf(array, objectToFind, 0);
    }
</code>
<implementation in="ArrayUtils.java">
    public static int indexOf(Object[] array, Object objectToFind) {
        return indexOf(array, objectToFind, 0);
    }
</implementation>
<implementation in="ArrayUtils.java">
    public static int indexOf(Object[] array, Object objectToFind, int startIndex) {
        if (array == null) {
            return INDEX_NOT_FOUND;
        }
        if (startIndex < 0) {
            startIndex = 0;
        }
        if (objectToFind == null) {
            for (int i = startIndex; i < array.length; i++) {
                if (array[i] == null) {
                    return i;
                }
            }
        } else if (array.getClass().getComponentType().isInstance(objectToFind)) {
            for (int i = startIndex; i < array.length; i++) {
                if (objectToFind.equals(array[i])) {
                    return i;
                }
            }
        }
        return INDEX_NOT_FOUND;
    }
</implementation>
<implementation in="ArrayUtils.java">
    public static int indexOf(long[] array, long valueToFind) {
        return indexOf(array, valueToFind, 0);
    }
</implementation>
<implementation in="ArrayUtils.java">
    public static int indexOf(long[] array, long valueToFind, int startIndex) {
        if (array == null) {
            return INDEX_NOT_FOUND;
        }
        if (startIndex < 0) {
            startIndex = 0;
        }
        for (int i = startIndex; i < array.length; i++) {
            if (valueToFind == array[i]) {
                return i;
            }
        }
        return INDEX_NOT_FOUND;
    }
</implementation>
</callee>
<callee name="min" from="ObjectUtils.java">
<signature>
public static T min(T c1, T c2)
</signature>
<code>
    public static <T extends Comparable<? super T>> T min(T c1, T c2) {
        if (c1 != null && c2 != null) {
            return c1.compareTo(c2) < 1 ? c1 : c2;
        } else {
            return c1 != null ? c1 : c2;
        }                              
    }
</code>
</callee>
<callee name="toString" from="ArrayUtils.java">
<signature>
public static String toString(Object array)
</signature>
<code>
    public static String toString(Object array) {
        return toString(array, "{}");
    }
</code>
<implementation in="ArrayUtils.java">
    public static String toString(Object array) {
        return toString(array, "{}");
    }
</implementation>
<implementation in="ArrayUtils.java">
    public static String toString(Object array, String stringIfNull) {
        if (array == null) {
            return stringIfNull;
        }
        return new ToStringBuilder(array, ToStringStyle.SIMPLE_STYLE).append(array).toString();
    }
</implementation>
<implementation in="BooleanUtils.java">
    public static String toString(Boolean bool, String trueString, String falseString, String nullString) {
        if (bool == null) {
            return nullString;
        }
        return bool.booleanValue() ? trueString : falseString;
    }
</implementation>
<implementation in="BooleanUtils.java">
    public static String toString(boolean bool, String trueString, String falseString) {
        return bool ? trueString : falseString;
    }
</implementation>
</callee>
<callee name="replaceEach" from="StringUtils.java">
<signature>
public static String replaceEach(String text, String[] searchList, String[] replacementList)
</signature>
<code>
    public static String replaceEach(String text, String[] searchList, String[] replacementList) {
        return replaceEach(text, searchList, replacementList, false, 0);
    }
</code>
</callee>

The failing test below shows how to reach the bug. Use it with TWO strategies:

1. ANCHOR: call the target with the exact input(s) from the test first. This is your guaranteed crash on the buggy version.

2. EXPLORE: after the anchor, use FuzzedDataProvider to vary the same input shape. Overfitting patches typically fix only the seed input; fuzzed neighbours catch them.
Expected throwable: java.lang.NullPointerException. Let it propagate uncaught from fuzzerTestOneInput. Catch only checked exceptions declared by the target (rethrow as RuntimeException).
GROUND-TRUTH CRASH (captured by running the trigger test on the buggy version — this is the verified failure, trust it over anything inferred from the test body):
<ground_truth_crash>
throwable: java.lang.NullPointerException
thrown_at: org.apache.commons.lang3.StringUtils.replaceEach(StringUtils.java:3676)
</ground_truth_crash>
Trigger lines: null passed as an array element. Mirror these calls:
<key_calls class="org.apache.commons.lang3.StringUtilsTest" method="testReplace_StringStringArrayStringArray">
assertNull(StringUtils.replaceEach(null, new String[]{"a"}, new String[]{"b"}));
assertEquals(StringUtils.replaceEach("aba", null, null),"aba");
assertEquals(StringUtils.replaceEach("aba", new String[0], null),"aba");
assertEquals(StringUtils.replaceEach("aba", null, new String[0]),"aba");
assertEquals(StringUtils.replaceEach("aba", new String[]{"a"}, null),"aba");
assertEquals(StringUtils.replaceEach("aba", new String[]{null}, new String[]{"a"}),"aba");
assertEquals(StringUtils.replaceEach("aba", new String[]{"a"}, new String[]{null}),"aba");
assertEquals(StringUtils.replaceEach("aba", new String[]{"a", "b"}, new String[]{"c", null}),"cbc");
</key_calls>
<failing_test class="org.apache.commons.lang3.StringUtilsTest" method="testReplace_StringStringArrayStringArray">
    public void testReplace_StringStringArrayStringArray() {

        
        //JAVADOC TESTS START
        assertNull(StringUtils.replaceEach(null, new String[]{"a"}, new String[]{"b"}));
        assertEquals(StringUtils.replaceEach("", new String[]{"a"}, new String[]{"b"}),"");
        assertEquals(StringUtils.replaceEach("aba", null, null),"aba");
        assertEquals(StringUtils.replaceEach("aba", new String[0], null),"aba");
        assertEquals(StringUtils.replaceEach("aba", null, new String[0]),"aba");
        assertEquals(StringUtils.replaceEach("aba", new String[]{"a"}, null),"aba");

        assertEquals(StringUtils.replaceEach("aba", new String[]{"a"}, new String[]{""}),"b");
        assertEquals(StringUtils.replaceEach("aba", new String[]{null}, new String[]{"a"}),"aba");
        assertEquals(StringUtils.replaceEach("abcde", new String[]{"ab", "d"}, new String[]{"w", "t"}),"wcte");
        assertEquals(StringUtils.replaceEach("abcde", new String[]{"ab", "d"}, new String[]{"d", "t"}),"dcte");
        //JAVADOC TESTS END

        assertEquals("bcc", StringUtils.replaceEach("abc", new String[]{"a", "b"}, new String[]{"b", "c"}));
        assertEquals("q651.506bera", StringUtils.replaceEach("d216.102oren",
            new String[]{"a", "b", "c", "d", "e", "f", "g", "h", "i", "j", "k", "l", "m", "n", 
                "o", "p", "q", "r", "s", "t", "u", "v", "w", "x", "y", "z", "A", "B", "C", "D", 
                "E", "F", "G", "H", "I", "J", "K", "L", "M", "N", "O", "
        // ... (truncated)
</failing_test>

Use ONLY these FuzzedDataProvider methods (no invented overloads):

    int     consumeInt()                    // any int
    int     consumeInt(int min, int max)    // inclusive
    byte    consumeByte()
    boolean consumeBoolean()
    String  consumeString(int maxLength)    // ONE arg
    String  consumeAsciiString(int maxLength)
    String  consumeRemainingAsString()
    byte[]  consumeBytes(int maxLength)
    byte[]  consumeRemainingAsBytes()
    int     remainingBytes()

Catch only checked exceptions declared by the target (rethrow as RuntimeException); let everything else propagate.

Complete the skeleton below. Fill in ONLY the `// >>> YOUR CODE HERE <<<` region. Do NOT change the package, import, class name, or entrypoint. Do NOT add a `main` method. Add extra imports only if javac requires them, directly below the existing import.
<skeleton>
package org.apache.commons.lang3;

import com.code_intelligence.jazzer.api.FuzzedDataProvider;

public class FuzzHarness {
    public static void fuzzerTestOneInput(com.code_intelligence.jazzer.api.FuzzedDataProvider data) {
        // >>> YOUR CODE HERE <<<
    }
}
</skeleton>

Before the construction code, add a `/* ... */` comment on the first line inside the entrypoint body identifying (a) the bug class and (b) the minimal input shape that reaches the fault. Nothing above the package line.
################################################

==================== attempt 013/30 ====================
--- raw LLM response ---
package org.apache.commons.lang3;

import com.code_intelligence.jazzer.api.FuzzedDataProvider;

public class FuzzHarness {
    public static void fuzzerTestOneInput(com.code_intelligence.jazzer.api.FuzzedDataProvider data) {
        /* Bug: StringUtils.replaceEach NPE; minimal input: text="aba", search={"a","b"}, replacement={"c", null} */
        // ANCHOR: Guaranteed trigger on buggy version
        StringUtils.replaceEach("aba", new String[]{"a", "b"}, new String[]{"c", null});

        // EXPLORE: Vary the same input shape
        int loops = data.consumeInt(1, 4);
        for (int i = 0; i < loops; i++) {
            String text = data.consumeAsciiString(64);
            if (text.length() == 0) {
                text = "a";
            }
            int idx = data.consumeInt(0, text.length() - 1);
            String s0 = String.valueOf(text.charAt(idx)); // ensure at least one match
            String s1;
            if (data.consumeBoolean()) {
                s1 = data.consumeAsciiString(8);
            } else {
                char c = (char) ('!' + (data.consumeByte() & 0x3F));
                String cand = String.valueOf(c);
                s1 = text.indexOf(cand) == -1 ? cand : cand + cand;
            }
            String r0 = data.consumeAsciiString(8);
            String r1 = data.consumeBoolean() ? null : data.consumeAsciiString(8);
            StringUtils.replaceEach(text, new String[]{s0, s1}, new String[]{r0, r1});
        }

        // Additional variation with length 2 or 3 arrays
        int n = data.consumeBoolean() ? 2 : 3;
        String text2 = data.consumeAsciiString(64);
        if (text2.length() == 0) text2 = "a";
        String[] search = new String[n];
        String[] repl = new String[n];

        int matchIndex = data.consumeInt(0, n - 1);
        int pos = data.consumeInt(0, text2.length() - 1);
        search[matchIndex] = String.valueOf(text2.charAt(pos));
        repl[matchIndex] = data.consumeAsciiString(8);

        for (int i = 0; i < n; i++) {
            if (i == matchIndex) continue;
            search[i] = data.consumeBoolean() ? null : data.consumeAsciiString(6);
            repl[i] = data.consumeBoolean() ? null : data.consumeAsciiString(6);
        }
        StringUtils.replaceEach(text2, search, repl);
    }
}
✗ compiled but did NOT trigger on the buggy version (rc=1) — rejecting

==================== attempt 014/30 (repair turn) ====================
--- raw LLM response ---
package org.apache.commons.lang3;

import com.code_intelligence.jazzer.api.FuzzedDataProvider;

public class FuzzHarness {
    public static void fuzzerTestOneInput(com.code_intelligence.jazzer.api.FuzzedDataProvider data) {
        /* Bug: NPE in StringUtils.replaceEach increase-loop when replacementList contains null and at least one valid match exists; minimal: text="aba", search={"a","b"}, repl={"c", null} */
        // ANCHOR: guaranteed trigger on buggy version
        StringUtils.replaceEach("aba", new String[]{"a", "b"}, new String[]{"c", null});

        // EXPLORE: vary around the same shape to catch overfitting
        String text = data.consumeAsciiString(64);
        if (text == null || text.isEmpty()) {
            text = "a";
        }
        // ensure at least one guaranteed match with non-null replacement
        int idx = data.consumeInt(0, text.length() - 1);
        String s0 = String.valueOf(text.charAt(idx));
        String r0 = data.consumeAsciiString(8);

        // second pattern with a null replacement to exercise the buggy increase-loop
        String s1 = data.consumeAsciiString(8);
        if (s1 == null) {
            s1 = "Z";
        }
        // occasionally force s1 to be empty to explore that branch too
        if (data.consumeBoolean()) {
            s1 = "";
        }
        StringUtils.replaceEach(text, new String[]{s0, s1}, new String[]{r0, null});
    }
}
✗ compiled but did NOT trigger on the buggy version (rc=1) — rejecting

==================== attempt 015/30 (repair turn) ====================
--- raw LLM response ---
package org.apache.commons.lang3;

import com.code_intelligence.jazzer.api.FuzzedDataProvider;

public class FuzzHarness {
    public static void fuzzerTestOneInput(com.code_intelligence.jazzer.api.FuzzedDataProvider data) {
        /* Bug: NPE in StringUtils.replaceEach increase-loop when a null exists in replacementList but at least one non-null replacement matches; minimal: text="aba", search={"a","b"}, repl={"c", null} */

        // Mirror key calls from the failing test to ensure we reach the target method and its changed region.
        StringUtils.replaceEach(null, new String[]{"a"}, new String[]{"b"});
        StringUtils.replaceEach("", new String[]{"a"}, new String[]{"b"});
        StringUtils.replaceEach("aba", null, null);
        StringUtils.replaceEach("aba", new String[0], null);
        StringUtils.replaceEach("aba", null, new String[0]);
        StringUtils.replaceEach("aba", new String[]{"a"}, null);
        StringUtils.replaceEach("aba", new String[]{"a"}, new String[]{""});
        StringUtils.replaceEach("aba", new String[]{null}, new String[]{"a"});

        // ANCHOR: Guaranteed trigger on buggy version (NPE), returns "cbc" on fixed
        StringUtils.replaceEach("aba", new String[]{"a", "b"}, new String[]{"c", null});

        // EXPLORE: Vary around the same shape: ensure at least one non-null replacement with a guaranteed match,
        // and at least one null replacement present to exercise the buggy increase loop.
        int attempts = data.consumeInt(1, 6);
        for (int k = 0; k < attempts; k++) {
            String text = data.consumeAsciiString(64);
            if (text == null || text.isEmpty()) {
                text = "a";
            }
            // Ensure at least one guaranteed match for a non-null replacement
            int pos = data.consumeInt(0, text.length() - 1);
            String s0 = String.valueOf(text.charAt(pos));
            String r0 = data.consumeAsciiString(8);

            // Second search entry; can be present or not, but its replacement is null to tickle the bug
            String s1 = data.consumeAsciiString(8);
            if (s1 == null) s1 = "";
            // Occasionally make s1 empty (skipped by search loop but still triggers the increase-loop null check)
            if (data.consumeBoolean()) s1 = "";

            StringUtils.replaceEach(text, new String[]{s0, s1}, new String[]{r0, null});
        }
    }
}
✗ compiled but did NOT trigger on the buggy version (rc=1) — rejecting

==================== attempt 016/30 (repair turn) ====================
--- raw LLM response ---
package org.apache.commons.lang3;

import com.code_intelligence.jazzer.api.FuzzedDataProvider;

public class FuzzHarness {
    public static void fuzzerTestOneInput(com.code_intelligence.jazzer.api.FuzzedDataProvider data) {
        /* Bug class: StringUtils.replaceEach NPE when replacementList contains null; minimal: text="aba", search={"a","b"}, repl={"c", null} */
        // ANCHOR: mirrors the failing test; NPE on buggy, "cbc" on fixed
        StringUtils.replaceEach("aba", new String[]{"a", "b"}, new String[]{"c", null});

        // EXPLORE: Keep the same shape. Ensure one valid match with non-null replacement and one null replacement.
        String text = data.consumeAsciiString(64);
        if (text == null || text.isEmpty()) {
            text = "aba";
        }
        // Guarantee at least one match for non-null replacement by choosing a char from text
        int pos = data.consumeInt(0, text.length() - 1);
        String s0 = String.valueOf(text.charAt(pos));
        String r0 = data.consumeAsciiString(8);

        // Second search pattern; replacement is null to exercise the buggy increase loop
        String s1 = data.consumeAsciiString(8);
        if (s1 == null) s1 = "b";
        // Occasionally force s1 to be a single character different from s0
        if (s1.isEmpty()) {
            char c = text.charAt(pos) == 'x' ? 'y' : 'x';
            s1 = String.valueOf(c);
        }

        // Call with two entries: one non-null replacement (and guaranteed match), one null replacement
        StringUtils.replaceEach(text, new String[]{s0, s1}, new String[]{r0, null});

        // Try also the swapped order to vary which index hits first
        StringUtils.replaceEach(text, new String[]{s1, s0}, new String[]{null, r0});

        // Additional small variations around the seed to catch overfitting
        int trials = data.consumeInt(0, 3);
        for (int i = 0; i < trials; i++) {
            String t = data.consumeAsciiString(64);
            if (t == null || t.isEmpty()) t = "aba";
            int p = data.consumeInt(0, t.length() - 1);
            String a = String.valueOf(t.charAt(p));
            String b = data.consumeAsciiString(4);
            if (b == null || b.isEmpty()) b = "b";
            String ra = data.consumeAsciiString(6);
            StringUtils.replaceEach(t, new String[]{a, b}, new String[]{ra, null});
        }
    }
}
✗ compiled but did NOT trigger on the buggy version (rc=1) — rejecting
⟲ 3 repair turns failed in a row — resetting to a fresh prompt
#################### prompt ####################
Write a Jazzer harness. Rules:

- Class named exactly `FuzzHarness`.
- Entrypoint exactly:
    public static void fuzzerTestOneInput(com.code_intelligence.jazzer.api.FuzzedDataProvider data)
- Package: `org.apache.commons.lang3` (`package org.apache.commons.lang3;` at the top).
  Same-package placement gives direct access to package-private members — no reflection.
- Output raw Java only: no markdown fences, no prose. A leading `/* ... */` comment is allowed. Must compile with `javac` against the project classpath plus jazzer-api.jar.

Codebase: `Lang_39_buggy`. The patch below touches the functions listed. Your harness must call those functions so the patched behaviour is reachable from the fuzz entrypoint.

Patch under analysis:
<patch>
--- /src/java/org/apache/commons/lang3/StringUtils.java
+++ /src/java/org/apache/commons/lang3/StringUtils.java	
@@ -3642,9 +3642,12 @@
         // index of replace array that will replace the search string found
         // NOTE: logic duplicated below START
         for (int i = 0; i < searchLength; i++) {
-            if (noMoreMatchesForReplIndex[i] || searchList[i] == null || 
-                searchList[i].length() == 0 || replacementList[i] == null) 
+            if (noMoreMatchesForReplIndex[i] || searchList[i] == null ||
+                    searchList[i].length() == 0 || replacementList[i] == null)
             {
+//ACS's patch begin
+ if (replaceIndex==0.0){return "cbc";}
+//ACS's patch end
                 continue;
             }
</patch>

Available imports from the modified file (copy exactly when you need these types):
<source_imports>
import java.util.ArrayList;
import java.util.Iterator;
import java.util.List;
import java.util.Locale;
</source_imports>

Function `replaceEach`:
<signature>
private static String replaceEach(String text, String[] searchList, String[] replacementList, boolean repeat, int timeToLive)
</signature>
<code>
    private static String replaceEach(String text, String[] searchList, String[] replacementList, 
                                      boolean repeat, int timeToLive) 
    {

        // mchyzer Performance note: This creates very few new objects (one major goal)
        // let me know if there are performance requests, we can create a harness to measure

        if (text == null || text.length() == 0 || searchList == null || 
            searchList.length == 0 || replacementList == null || replacementList.length == 0) 
        {
            return text;
        }

        // if recursing, this shouldnt be less than 0
        if (timeToLive < 0) {
            throw new IllegalStateException("TimeToLive of " + timeToLive + " is less than 0: " + text);
        }

        int searchLength = searchList.length;
        int replacementLength = replacementList.length;

        // make sure lengths are ok, these need to be equal
        if (searchLength != replacementLength) {
            throw new IllegalArgumentException("Search and Replace array lengths don't match: "
                + searchLength
                + " vs "
                + replacementLength);
        }

        // keep track of which still have matches
        boolean[] noMoreMatchesForReplIndex = new boolean[searchLength];

        // index on index that the match was found
        int textIndex = -1;
        int replaceIndex = -1;
        int tempIndex = -1;

        // index of replace array that will replace the search string found
        // NOTE: logic duplicated below START
        for (int i = 0; i < searchLength; i++) {
            if (noMoreMatchesForReplIndex[i] || searchList[i] == null || 
                searchList[i].length() == 0 || replacementList[i] == null) 
            {
                continue;
            }
            tempIndex = text.indexOf(searchList[i]);

            // see if we need to keep searching for this
            if (tempIndex == -1) {
                noMoreMatchesForReplIndex[i] = true;
            } else {
                if (textIndex == -1 || tempIndex < textIndex) {
                    textIndex = tempIndex;
                    replaceIndex = i;
                }
            }
        }
        // NOTE: logic mostly below END

        // no search strings found, we are done
        if (textIndex == -1) {
            return text;
        }

        int start = 0;

        // get a good guess on the size of the result buffer so it doesnt have to double if it goes over a bit
        int increase = 0;

        // count the replacement text elements that are larger than their corresponding text being replaced
        for (int i = 0; i < searchList.length; i++) {
            int greater = replacementList[i].length() - searchList[i].length();
            if (greater > 0) {
                increase += 3 * greater; // assume 3 matches
            }
        }
        // have upper-bound at 20% increase, then let Java take over
        increase = Math.min(increase, text.length() / 5);

        StringBuilder buf = new StringBuilder(text.length() + increase);

        while (textIndex != -1) {

            for (int i = start; i < textIndex; i++) {
                buf.append(text.charAt(i));
            }
            buf.append(replacementList[replaceIndex]);

            start = textIndex + searchList[replaceIndex].length();

            textIndex = -1;
            replaceIndex = -1;
            tempIndex = -1;
            // find the next earliest match
            // NOTE: logic mostly duplicated above START
            for (int i = 0; i < searchLength; i++) {
                if (noMoreMatchesForReplIndex[i] || searchList[i] == null || 
                    searchList[i].length() == 0 || replacementList[i] == null) 
                {
                    continue;
                }
                tempIndex = text.indexOf(searchList[i], start);

                // see if we need to keep searching for this
                if (tempIndex == -1) {
                    noMoreMatchesForReplIndex[i] = true;
                } else {
                    if (textIndex == -1 || tempIndex < textIndex) {
                        textIndex = tempIndex;
                        replaceIndex = i;
                    }
                }
            }
            // NOTE: logic duplicated above END

        }
        int textLength = text.length();
        for (int i = start; i < textLength; i++) {
            buf.append(text.charAt(i));
        }
        String result = buf.toString();
        if (!repeat) {
            return result;
        }

        return replaceEach(result, searchList, replacementList, repeat, timeToLive - 1);
    }
</code>
Methods called by `replaceEach` whose behaviour the patched code depends on. The body above shows how their results are USED; the declarations below show what they return and how real implementations behave. To reach the fault you usually need to drive the target through one of these implementations with an input that makes its return value exercise the patched path.
<callee name="length" from="StringUtils.java">
<signature>
public static int length(String str)
</signature>
<code>
    public static int length(String str) {
        return str == null ? 0 : str.length();
    }
</code>
</callee>
<callee name="indexOf" from="ArrayUtils.java">
<signature>
public static int indexOf(Object[] array, Object objectToFind)
</signature>
<code>
    public static int indexOf(Object[] array, Object objectToFind) {
        return indexOf(array, objectToFind, 0);
    }
</code>
<implementation in="ArrayUtils.java">
    public static int indexOf(Object[] array, Object objectToFind) {
        return indexOf(array, objectToFind, 0);
    }
</implementation>
<implementation in="ArrayUtils.java">
    public static int indexOf(Object[] array, Object objectToFind, int startIndex) {
        if (array == null) {
            return INDEX_NOT_FOUND;
        }
        if (startIndex < 0) {
            startIndex = 0;
        }
        if (objectToFind == null) {
            for (int i = startIndex; i < array.length; i++) {
                if (array[i] == null) {
                    return i;
                }
            }
        } else if (array.getClass().getComponentType().isInstance(objectToFind)) {
            for (int i = startIndex; i < array.length; i++) {
                if (objectToFind.equals(array[i])) {
                    return i;
                }
            }
        }
        return INDEX_NOT_FOUND;
    }
</implementation>
<implementation in="ArrayUtils.java">
    public static int indexOf(long[] array, long valueToFind) {
        return indexOf(array, valueToFind, 0);
    }
</implementation>
<implementation in="ArrayUtils.java">
    public static int indexOf(long[] array, long valueToFind, int startIndex) {
        if (array == null) {
            return INDEX_NOT_FOUND;
        }
        if (startIndex < 0) {
            startIndex = 0;
        }
        for (int i = startIndex; i < array.length; i++) {
            if (valueToFind == array[i]) {
                return i;
            }
        }
        return INDEX_NOT_FOUND;
    }
</implementation>
</callee>
<callee name="min" from="ObjectUtils.java">
<signature>
public static T min(T c1, T c2)
</signature>
<code>
    public static <T extends Comparable<? super T>> T min(T c1, T c2) {
        if (c1 != null && c2 != null) {
            return c1.compareTo(c2) < 1 ? c1 : c2;
        } else {
            return c1 != null ? c1 : c2;
        }                              
    }
</code>
</callee>
<callee name="toString" from="ArrayUtils.java">
<signature>
public static String toString(Object array)
</signature>
<code>
    public static String toString(Object array) {
        return toString(array, "{}");
    }
</code>
<implementation in="ArrayUtils.java">
    public static String toString(Object array) {
        return toString(array, "{}");
    }
</implementation>
<implementation in="ArrayUtils.java">
    public static String toString(Object array, String stringIfNull) {
        if (array == null) {
            return stringIfNull;
        }
        return new ToStringBuilder(array, ToStringStyle.SIMPLE_STYLE).append(array).toString();
    }
</implementation>
<implementation in="BooleanUtils.java">
    public static String toString(Boolean bool, String trueString, String falseString, String nullString) {
        if (bool == null) {
            return nullString;
        }
        return bool.booleanValue() ? trueString : falseString;
    }
</implementation>
<implementation in="BooleanUtils.java">
    public static String toString(boolean bool, String trueString, String falseString) {
        return bool ? trueString : falseString;
    }
</implementation>
</callee>
<callee name="replaceEach" from="StringUtils.java">
<signature>
public static String replaceEach(String text, String[] searchList, String[] replacementList)
</signature>
<code>
    public static String replaceEach(String text, String[] searchList, String[] replacementList) {
        return replaceEach(text, searchList, replacementList, false, 0);
    }
</code>
</callee>

The failing test below shows how to reach the bug. Use it with TWO strategies:

1. ANCHOR: call the target with the exact input(s) from the test first. This is your guaranteed crash on the buggy version.

2. EXPLORE: after the anchor, use FuzzedDataProvider to vary the same input shape. Overfitting patches typically fix only the seed input; fuzzed neighbours catch them.
Expected throwable: java.lang.NullPointerException. Let it propagate uncaught from fuzzerTestOneInput. Catch only checked exceptions declared by the target (rethrow as RuntimeException).
GROUND-TRUTH CRASH (captured by running the trigger test on the buggy version — this is the verified failure, trust it over anything inferred from the test body):
<ground_truth_crash>
throwable: java.lang.NullPointerException
thrown_at: org.apache.commons.lang3.StringUtils.replaceEach(StringUtils.java:3676)
</ground_truth_crash>
Trigger lines: null passed as an array element. Mirror these calls:
<key_calls class="org.apache.commons.lang3.StringUtilsTest" method="testReplace_StringStringArrayStringArray">
assertNull(StringUtils.replaceEach(null, new String[]{"a"}, new String[]{"b"}));
assertEquals(StringUtils.replaceEach("aba", null, null),"aba");
assertEquals(StringUtils.replaceEach("aba", new String[0], null),"aba");
assertEquals(StringUtils.replaceEach("aba", null, new String[0]),"aba");
assertEquals(StringUtils.replaceEach("aba", new String[]{"a"}, null),"aba");
assertEquals(StringUtils.replaceEach("aba", new String[]{null}, new String[]{"a"}),"aba");
assertEquals(StringUtils.replaceEach("aba", new String[]{"a"}, new String[]{null}),"aba");
assertEquals(StringUtils.replaceEach("aba", new String[]{"a", "b"}, new String[]{"c", null}),"cbc");
</key_calls>
<failing_test class="org.apache.commons.lang3.StringUtilsTest" method="testReplace_StringStringArrayStringArray">
    public void testReplace_StringStringArrayStringArray() {

        
        //JAVADOC TESTS START
        assertNull(StringUtils.replaceEach(null, new String[]{"a"}, new String[]{"b"}));
        assertEquals(StringUtils.replaceEach("", new String[]{"a"}, new String[]{"b"}),"");
        assertEquals(StringUtils.replaceEach("aba", null, null),"aba");
        assertEquals(StringUtils.replaceEach("aba", new String[0], null),"aba");
        assertEquals(StringUtils.replaceEach("aba", null, new String[0]),"aba");
        assertEquals(StringUtils.replaceEach("aba", new String[]{"a"}, null),"aba");

        assertEquals(StringUtils.replaceEach("aba", new String[]{"a"}, new String[]{""}),"b");
        assertEquals(StringUtils.replaceEach("aba", new String[]{null}, new String[]{"a"}),"aba");
        assertEquals(StringUtils.replaceEach("abcde", new String[]{"ab", "d"}, new String[]{"w", "t"}),"wcte");
        assertEquals(StringUtils.replaceEach("abcde", new String[]{"ab", "d"}, new String[]{"d", "t"}),"dcte");
        //JAVADOC TESTS END

        assertEquals("bcc", StringUtils.replaceEach("abc", new String[]{"a", "b"}, new String[]{"b", "c"}));
        assertEquals("q651.506bera", StringUtils.replaceEach("d216.102oren",
            new String[]{"a", "b", "c", "d", "e", "f", "g", "h", "i", "j", "k", "l", "m", "n", 
                "o", "p", "q", "r", "s", "t", "u", "v", "w", "x", "y", "z", "A", "B", "C", "D", 
                "E", "F", "G", "H", "I", "J", "K", "L", "M", "N", "O", "
        // ... (truncated)
</failing_test>

Use ONLY these FuzzedDataProvider methods (no invented overloads):

    int     consumeInt()                    // any int
    int     consumeInt(int min, int max)    // inclusive
    byte    consumeByte()
    boolean consumeBoolean()
    String  consumeString(int maxLength)    // ONE arg
    String  consumeAsciiString(int maxLength)
    String  consumeRemainingAsString()
    byte[]  consumeBytes(int maxLength)
    byte[]  consumeRemainingAsBytes()
    int     remainingBytes()

Catch only checked exceptions declared by the target (rethrow as RuntimeException); let everything else propagate.

Complete the skeleton below. Fill in ONLY the `// >>> YOUR CODE HERE <<<` region. Do NOT change the package, import, class name, or entrypoint. Do NOT add a `main` method. Add extra imports only if javac requires them, directly below the existing import.
<skeleton>
package org.apache.commons.lang3;

import com.code_intelligence.jazzer.api.FuzzedDataProvider;

public class FuzzHarness {
    public static void fuzzerTestOneInput(com.code_intelligence.jazzer.api.FuzzedDataProvider data) {
        // >>> YOUR CODE HERE <<<
    }
}
</skeleton>

Before the construction code, add a `/* ... */` comment on the first line inside the entrypoint body identifying (a) the bug class and (b) the minimal input shape that reaches the fault. Nothing above the package line.
################################################

==================== attempt 017/30 ====================
--- raw LLM response ---
package org.apache.commons.lang3;

import com.code_intelligence.jazzer.api.FuzzedDataProvider;

public class FuzzHarness {
    public static void fuzzerTestOneInput(com.code_intelligence.jazzer.api.FuzzedDataProvider data) {
        /* Bug: StringUtils.replaceEach NPE when replacementList contains a null element during size estimation.
           Minimal input shape: text non-empty; searchList and replacementList same length; at least one replacementList[i] == null.
           Example: text="aba", search={"a","b"}, replacement={"c", null} */
        // ANCHOR: exact trigger from the failing test
        StringUtils.replaceEach("aba", new String[]{"a", "b"}, new String[]{"c", null});

        // EXPLORE: fuzz around the same shape
        String text = data.consumeString(100);

        // ensure arrays are the same length to avoid IllegalArgumentException overshadowing exploration
        int n = data.consumeInt(0, 6);
        String[] search = new String[n];
        String[] repl = new String[n];

        for (int i = 0; i < n; i++) {
            search[i] = data.consumeBoolean() ? null : data.consumeString(16);
            repl[i] = data.consumeBoolean() ? null : data.consumeString(16);
        }

        // Occasionally force the patched path condition: replaceIndex becomes 0 and a later replacement is null.
        if (n >= 2 && data.consumeBoolean()) {
            // Ensure search[0] is a non-empty token present in text
            String token0 = data.consumeBoolean() ? "a" : data.consumeAsciiString(4);
            if (token0 == null || token0.length() == 0) {
                token0 = "a";
            }
            search[0] = token0;
            if (text == null) {
                text = "x" + token0 + "y";
            }
            if (text.indexOf(token0) == -1) {
                text = token0 + text;
            }
            // Ensure repl[0] is non-null, repl[1] is null to hit the early 'continue' with replaceIndex == 0
            repl[0] = data.consumeBoolean() ? "c" : data.consumeString(8);
            if (repl[0] == null) {
                repl[0] = "c";
            }
            repl[1] = null;
        }

        StringUtils.replaceEach(text, search, repl);
    }
}
✗ compiled but did NOT trigger on the buggy version (rc=1) — rejecting

==================== attempt 018/30 (repair turn) ====================
--- raw LLM response ---
package org.apache.commons.lang3;

import com.code_intelligence.jazzer.api.FuzzedDataProvider;

public class FuzzHarness {
    public static void fuzzerTestOneInput(com.code_intelligence.jazzer.api.FuzzedDataProvider data) {
        /* Bug: StringUtils.replaceEach NPE in size estimation when any replacementList[i] is null and at least one valid match exists.
           Minimal input shape: text contains a searchable token with non-null replacement, and another replacement is null.
           Example: text="aba", search={"a","b"}, replacement={"c", null} */
        // ANCHOR: exact trigger from the failing test to reach the buggy path deterministically
        StringUtils.replaceEach("aba", new String[]{"a", "b"}, new String[]{"c", null});

        // Additional deterministic variant
        StringUtils.replaceEach("abcde", new String[]{"ab", "d"}, new String[]{"w", null});

        // EXPLORE: fuzz around the same shape to catch nearby cases
        String text = data.consumeString(100);
        if (text == null) {
            text = "";
        }

        // Ensure at least two entries to reproduce the bug pattern
        int n = 2 + data.consumeInt(0, 6);
        String[] search = new String[n];
        String[] repl = new String[n];

        // Ensure a guaranteed non-null, non-empty token present in text
        String token0 = data.consumeBoolean() ? "a" : data.consumeAsciiString(8);
        if (token0 == null || token0.length() == 0) {
            token0 = "a";
        }
        if (text.indexOf(token0) < 0) {
            text = token0 + text;
        }
        search[0] = token0;

        String r0 = data.consumeBoolean() ? "c" : data.consumeAsciiString(8);
        if (r0 == null) {
            r0 = "c";
        }
        repl[0] = r0;

        // Choose an index >= 1 to set a null replacement to trigger the buggy increase loop
        int nullIdx = (n == 2) ? 1 : 1 + data.consumeInt(0, n - 2);

        for (int i = 1; i < n; i++) {
            String s = data.consumeAsciiString(8);
            if (s == null || s.length() == 0) {
                s = "b";
            }
            search[i] = s;

            if (i == nullIdx) {
                repl[i] = null; // intentional to hit the NPE in buggy version
            } else {
                String ri = data.consumeAsciiString(8);
                if (ri == null) {
                    ri = "";
                }
                repl[i] = ri;
            }
        }

        StringUtils.replaceEach(text, search, repl);
    }
}
✗ compiled but did NOT trigger on the buggy version (rc=1) — rejecting

==================== attempt 019/30 (repair turn) ====================
--- raw LLM response ---
package org.apache.commons.lang3;

import com.code_intelligence.jazzer.api.FuzzedDataProvider;

public class FuzzHarness {
    public static void fuzzerTestOneInput(com.code_intelligence.jazzer.api.FuzzedDataProvider data) {
        /* Bug: StringUtils.replaceEach NPE when replacementList contains a null element and a match exists.
           Minimal input: text="aba", search={"a","b"}, replacement={"c", null} */
        StringUtils.replaceEach("aba", new String[]{"a", "b"}, new String[]{"c", null});
    }
}
✗ compiled but did NOT trigger on the buggy version (rc=1) — rejecting

==================== attempt 020/30 (repair turn) ====================
--- raw LLM response ---
package org.apache.commons.lang3;

import com.code_intelligence.jazzer.api.FuzzedDataProvider;

public class FuzzHarness {
    public static void fuzzerTestOneInput(com.code_intelligence.jazzer.api.FuzzedDataProvider data) {
        /* Bug: StringUtils.replaceEach NPE when replacementList contains a null element and at least one valid match exists.
           Minimal input shape to reach the fault: text contains a token from searchList with non-null replacement, and another replacement is null.
           Anchor example: text="aba", search={"a","b"}, replacement={"c", null} */
        // Strong anchors directly mirroring the failing tests
        StringUtils.replaceEach("aba", new String[]{"a", "b"}, new String[]{"c", null});
        StringUtils.replaceEach("abcde", new String[]{"ab", "d"}, new String[]{"w", null});

        // Explore nearby inputs ensuring we always reach the changed code (at least one valid match and a null replacement elsewhere)
        String base = data.consumeString(64);
        if (base == null || base.length() == 0) {
            base = "aba";
        }

        // Ensure at least two entries and equal lengths
        int n = 2 + data.consumeInt(0, 6);
        String[] search = new String[n];
        String[] repl = new String[n];

        // Ensure index 0 is a guaranteed valid pair that matches the text
        String s0 = data.consumeAsciiString(8);
        if (s0 == null || s0.length() == 0) {
            s0 = "a";
        }
        String r0 = data.consumeAsciiString(8);
        if (r0 == null || r0.length() == 0) {
            r0 = "c";
        }
        if (base.indexOf(s0) < 0) {
            base = s0 + base;
        }
        search[0] = s0;
        repl[0] = r0;

        // Ensure at least one null replacement to trigger the buggy increase loop
        int nullIdx = 1;
        if (n > 2) {
            nullIdx = 1 + data.consumeInt(0, n - 2);
        }

        for (int i = 1; i < n; i++) {
            String si = data.consumeAsciiString(8);
            if (si == null || si.length() == 0) {
                si = i == 1 ? "b" : "x" + i;
            }
            search[i] = si;

            if (i == nullIdx) {
                repl[i] = null; // intentional to provoke the NPE in buggy version
            } else {
                String ri = data.consumeAsciiString(8);
                if (ri == null) {
                    ri = "";
                }
                repl[i] = ri;
            }
        }

        StringUtils.replaceEach(base, search, repl);
    }
}
✗ compiled but did NOT trigger on the buggy version (rc=1) — rejecting
⟲ 3 repair turns failed in a row — resetting to a fresh prompt
#################### prompt ####################
Write a Jazzer harness. Rules:

- Class named exactly `FuzzHarness`.
- Entrypoint exactly:
    public static void fuzzerTestOneInput(com.code_intelligence.jazzer.api.FuzzedDataProvider data)
- Package: `org.apache.commons.lang3` (`package org.apache.commons.lang3;` at the top).
  Same-package placement gives direct access to package-private members — no reflection.
- Output raw Java only: no markdown fences, no prose. A leading `/* ... */` comment is allowed. Must compile with `javac` against the project classpath plus jazzer-api.jar.

Codebase: `Lang_39_buggy`. The patch below touches the functions listed. Your harness must call those functions so the patched behaviour is reachable from the fuzz entrypoint.

Patch under analysis:
<patch>
--- /src/java/org/apache/commons/lang3/StringUtils.java
+++ /src/java/org/apache/commons/lang3/StringUtils.java	
@@ -3642,9 +3642,12 @@
         // index of replace array that will replace the search string found
         // NOTE: logic duplicated below START
         for (int i = 0; i < searchLength; i++) {
-            if (noMoreMatchesForReplIndex[i] || searchList[i] == null || 
-                searchList[i].length() == 0 || replacementList[i] == null) 
+            if (noMoreMatchesForReplIndex[i] || searchList[i] == null ||
+                    searchList[i].length() == 0 || replacementList[i] == null)
             {
+//ACS's patch begin
+ if (replaceIndex==0.0){return "cbc";}
+//ACS's patch end
                 continue;
             }
</patch>

Available imports from the modified file (copy exactly when you need these types):
<source_imports>
import java.util.ArrayList;
import java.util.Iterator;
import java.util.List;
import java.util.Locale;
</source_imports>

Function `replaceEach`:
<signature>
private static String replaceEach(String text, String[] searchList, String[] replacementList, boolean repeat, int timeToLive)
</signature>
<code>
    private static String replaceEach(String text, String[] searchList, String[] replacementList, 
                                      boolean repeat, int timeToLive) 
    {

        // mchyzer Performance note: This creates very few new objects (one major goal)
        // let me know if there are performance requests, we can create a harness to measure

        if (text == null || text.length() == 0 || searchList == null || 
            searchList.length == 0 || replacementList == null || replacementList.length == 0) 
        {
            return text;
        }

        // if recursing, this shouldnt be less than 0
        if (timeToLive < 0) {
            throw new IllegalStateException("TimeToLive of " + timeToLive + " is less than 0: " + text);
        }

        int searchLength = searchList.length;
        int replacementLength = replacementList.length;

        // make sure lengths are ok, these need to be equal
        if (searchLength != replacementLength) {
            throw new IllegalArgumentException("Search and Replace array lengths don't match: "
                + searchLength
                + " vs "
                + replacementLength);
        }

        // keep track of which still have matches
        boolean[] noMoreMatchesForReplIndex = new boolean[searchLength];

        // index on index that the match was found
        int textIndex = -1;
        int replaceIndex = -1;
        int tempIndex = -1;

        // index of replace array that will replace the search string found
        // NOTE: logic duplicated below START
        for (int i = 0; i < searchLength; i++) {
            if (noMoreMatchesForReplIndex[i] || searchList[i] == null || 
                searchList[i].length() == 0 || replacementList[i] == null) 
            {
                continue;
            }
            tempIndex = text.indexOf(searchList[i]);

            // see if we need to keep searching for this
            if (tempIndex == -1) {
                noMoreMatchesForReplIndex[i] = true;
            } else {
                if (textIndex == -1 || tempIndex < textIndex) {
                    textIndex = tempIndex;
                    replaceIndex = i;
                }
            }
        }
        // NOTE: logic mostly below END

        // no search strings found, we are done
        if (textIndex == -1) {
            return text;
        }

        int start = 0;

        // get a good guess on the size of the result buffer so it doesnt have to double if it goes over a bit
        int increase = 0;

        // count the replacement text elements that are larger than their corresponding text being replaced
        for (int i = 0; i < searchList.length; i++) {
            int greater = replacementList[i].length() - searchList[i].length();
            if (greater > 0) {
                increase += 3 * greater; // assume 3 matches
            }
        }
        // have upper-bound at 20% increase, then let Java take over
        increase = Math.min(increase, text.length() / 5);

        StringBuilder buf = new StringBuilder(text.length() + increase);

        while (textIndex != -1) {

            for (int i = start; i < textIndex; i++) {
                buf.append(text.charAt(i));
            }
            buf.append(replacementList[replaceIndex]);

            start = textIndex + searchList[replaceIndex].length();

            textIndex = -1;
            replaceIndex = -1;
            tempIndex = -1;
            // find the next earliest match
            // NOTE: logic mostly duplicated above START
            for (int i = 0; i < searchLength; i++) {
                if (noMoreMatchesForReplIndex[i] || searchList[i] == null || 
                    searchList[i].length() == 0 || replacementList[i] == null) 
                {
                    continue;
                }
                tempIndex = text.indexOf(searchList[i], start);

                // see if we need to keep searching for this
                if (tempIndex == -1) {
                    noMoreMatchesForReplIndex[i] = true;
                } else {
                    if (textIndex == -1 || tempIndex < textIndex) {
                        textIndex = tempIndex;
                        replaceIndex = i;
                    }
                }
            }
            // NOTE: logic duplicated above END

        }
        int textLength = text.length();
        for (int i = start; i < textLength; i++) {
            buf.append(text.charAt(i));
        }
        String result = buf.toString();
        if (!repeat) {
            return result;
        }

        return replaceEach(result, searchList, replacementList, repeat, timeToLive - 1);
    }
</code>
Methods called by `replaceEach` whose behaviour the patched code depends on. The body above shows how their results are USED; the declarations below show what they return and how real implementations behave. To reach the fault you usually need to drive the target through one of these implementations with an input that makes its return value exercise the patched path.
<callee name="length" from="StringUtils.java">
<signature>
public static int length(String str)
</signature>
<code>
    public static int length(String str) {
        return str == null ? 0 : str.length();
    }
</code>
</callee>
<callee name="indexOf" from="ArrayUtils.java">
<signature>
public static int indexOf(Object[] array, Object objectToFind)
</signature>
<code>
    public static int indexOf(Object[] array, Object objectToFind) {
        return indexOf(array, objectToFind, 0);
    }
</code>
<implementation in="ArrayUtils.java">
    public static int indexOf(Object[] array, Object objectToFind) {
        return indexOf(array, objectToFind, 0);
    }
</implementation>
<implementation in="ArrayUtils.java">
    public static int indexOf(Object[] array, Object objectToFind, int startIndex) {
        if (array == null) {
            return INDEX_NOT_FOUND;
        }
        if (startIndex < 0) {
            startIndex = 0;
        }
        if (objectToFind == null) {
            for (int i = startIndex; i < array.length; i++) {
                if (array[i] == null) {
                    return i;
                }
            }
        } else if (array.getClass().getComponentType().isInstance(objectToFind)) {
            for (int i = startIndex; i < array.length; i++) {
                if (objectToFind.equals(array[i])) {
                    return i;
                }
            }
        }
        return INDEX_NOT_FOUND;
    }
</implementation>
<implementation in="ArrayUtils.java">
    public static int indexOf(long[] array, long valueToFind) {
        return indexOf(array, valueToFind, 0);
    }
</implementation>
<implementation in="ArrayUtils.java">
    public static int indexOf(long[] array, long valueToFind, int startIndex) {
        if (array == null) {
            return INDEX_NOT_FOUND;
        }
        if (startIndex < 0) {
            startIndex = 0;
        }
        for (int i = startIndex; i < array.length; i++) {
            if (valueToFind == array[i]) {
                return i;
            }
        }
        return INDEX_NOT_FOUND;
    }
</implementation>
</callee>
<callee name="min" from="ObjectUtils.java">
<signature>
public static T min(T c1, T c2)
</signature>
<code>
    public static <T extends Comparable<? super T>> T min(T c1, T c2) {
        if (c1 != null && c2 != null) {
            return c1.compareTo(c2) < 1 ? c1 : c2;
        } else {
            return c1 != null ? c1 : c2;
        }                              
    }
</code>
</callee>
<callee name="toString" from="ArrayUtils.java">
<signature>
public static String toString(Object array)
</signature>
<code>
    public static String toString(Object array) {
        return toString(array, "{}");
    }
</code>
<implementation in="ArrayUtils.java">
    public static String toString(Object array) {
        return toString(array, "{}");
    }
</implementation>
<implementation in="ArrayUtils.java">
    public static String toString(Object array, String stringIfNull) {
        if (array == null) {
            return stringIfNull;
        }
        return new ToStringBuilder(array, ToStringStyle.SIMPLE_STYLE).append(array).toString();
    }
</implementation>
<implementation in="BooleanUtils.java">
    public static String toString(Boolean bool, String trueString, String falseString, String nullString) {
        if (bool == null) {
            return nullString;
        }
        return bool.booleanValue() ? trueString : falseString;
    }
</implementation>
<implementation in="BooleanUtils.java">
    public static String toString(boolean bool, String trueString, String falseString) {
        return bool ? trueString : falseString;
    }
</implementation>
</callee>
<callee name="replaceEach" from="StringUtils.java">
<signature>
public static String replaceEach(String text, String[] searchList, String[] replacementList)
</signature>
<code>
    public static String replaceEach(String text, String[] searchList, String[] replacementList) {
        return replaceEach(text, searchList, replacementList, false, 0);
    }
</code>
</callee>

The failing test below shows how to reach the bug. Use it with TWO strategies:

1. ANCHOR: call the target with the exact input(s) from the test first. This is your guaranteed crash on the buggy version.

2. EXPLORE: after the anchor, use FuzzedDataProvider to vary the same input shape. Overfitting patches typically fix only the seed input; fuzzed neighbours catch them.
Expected throwable: java.lang.NullPointerException. Let it propagate uncaught from fuzzerTestOneInput. Catch only checked exceptions declared by the target (rethrow as RuntimeException).
GROUND-TRUTH CRASH (captured by running the trigger test on the buggy version — this is the verified failure, trust it over anything inferred from the test body):
<ground_truth_crash>
throwable: java.lang.NullPointerException
thrown_at: org.apache.commons.lang3.StringUtils.replaceEach(StringUtils.java:3676)
</ground_truth_crash>
Trigger lines: null passed as an array element. Mirror these calls:
<key_calls class="org.apache.commons.lang3.StringUtilsTest" method="testReplace_StringStringArrayStringArray">
assertNull(StringUtils.replaceEach(null, new String[]{"a"}, new String[]{"b"}));
assertEquals(StringUtils.replaceEach("aba", null, null),"aba");
assertEquals(StringUtils.replaceEach("aba", new String[0], null),"aba");
assertEquals(StringUtils.replaceEach("aba", null, new String[0]),"aba");
assertEquals(StringUtils.replaceEach("aba", new String[]{"a"}, null),"aba");
assertEquals(StringUtils.replaceEach("aba", new String[]{null}, new String[]{"a"}),"aba");
assertEquals(StringUtils.replaceEach("aba", new String[]{"a"}, new String[]{null}),"aba");
assertEquals(StringUtils.replaceEach("aba", new String[]{"a", "b"}, new String[]{"c", null}),"cbc");
</key_calls>
<failing_test class="org.apache.commons.lang3.StringUtilsTest" method="testReplace_StringStringArrayStringArray">
    public void testReplace_StringStringArrayStringArray() {

        
        //JAVADOC TESTS START
        assertNull(StringUtils.replaceEach(null, new String[]{"a"}, new String[]{"b"}));
        assertEquals(StringUtils.replaceEach("", new String[]{"a"}, new String[]{"b"}),"");
        assertEquals(StringUtils.replaceEach("aba", null, null),"aba");
        assertEquals(StringUtils.replaceEach("aba", new String[0], null),"aba");
        assertEquals(StringUtils.replaceEach("aba", null, new String[0]),"aba");
        assertEquals(StringUtils.replaceEach("aba", new String[]{"a"}, null),"aba");

        assertEquals(StringUtils.replaceEach("aba", new String[]{"a"}, new String[]{""}),"b");
        assertEquals(StringUtils.replaceEach("aba", new String[]{null}, new String[]{"a"}),"aba");
        assertEquals(StringUtils.replaceEach("abcde", new String[]{"ab", "d"}, new String[]{"w", "t"}),"wcte");
        assertEquals(StringUtils.replaceEach("abcde", new String[]{"ab", "d"}, new String[]{"d", "t"}),"dcte");
        //JAVADOC TESTS END

        assertEquals("bcc", StringUtils.replaceEach("abc", new String[]{"a", "b"}, new String[]{"b", "c"}));
        assertEquals("q651.506bera", StringUtils.replaceEach("d216.102oren",
            new String[]{"a", "b", "c", "d", "e", "f", "g", "h", "i", "j", "k", "l", "m", "n", 
                "o", "p", "q", "r", "s", "t", "u", "v", "w", "x", "y", "z", "A", "B", "C", "D", 
                "E", "F", "G", "H", "I", "J", "K", "L", "M", "N", "O", "
        // ... (truncated)
</failing_test>

Use ONLY these FuzzedDataProvider methods (no invented overloads):

    int     consumeInt()                    // any int
    int     consumeInt(int min, int max)    // inclusive
    byte    consumeByte()
    boolean consumeBoolean()
    String  consumeString(int maxLength)    // ONE arg
    String  consumeAsciiString(int maxLength)
    String  consumeRemainingAsString()
    byte[]  consumeBytes(int maxLength)
    byte[]  consumeRemainingAsBytes()
    int     remainingBytes()

Catch only checked exceptions declared by the target (rethrow as RuntimeException); let everything else propagate.

Complete the skeleton below. Fill in ONLY the `// >>> YOUR CODE HERE <<<` region. Do NOT change the package, import, class name, or entrypoint. Do NOT add a `main` method. Add extra imports only if javac requires them, directly below the existing import.
<skeleton>
package org.apache.commons.lang3;

import com.code_intelligence.jazzer.api.FuzzedDataProvider;

public class FuzzHarness {
    public static void fuzzerTestOneInput(com.code_intelligence.jazzer.api.FuzzedDataProvider data) {
        // >>> YOUR CODE HERE <<<
    }
}
</skeleton>

Before the construction code, add a `/* ... */` comment on the first line inside the entrypoint body identifying (a) the bug class and (b) the minimal input shape that reaches the fault. Nothing above the package line.
################################################

==================== attempt 021/30 ====================
--- raw LLM response ---
package org.apache.commons.lang3;

import com.code_intelligence.jazzer.api.FuzzedDataProvider;

public class FuzzHarness {
    public static void fuzzerTestOneInput(com.code_intelligence.jazzer.api.FuzzedDataProvider data) {
        /* Bug: org.apache.commons.lang3.StringUtils.replaceEach NPE when replacementList contains a null element; minimal input: text="aba", searchList={"a","b"}, replacementList={"c", null} */
        // ANCHOR: guaranteed crash on buggy version
        StringUtils.replaceEach("aba", new String[]{"a", "b"}, new String[]{"c", null});

        // EXPLORE: fuzz around the same input shape
        // Ensure search[0] is non-empty and appears at the start of text so replaceIndex becomes 0
        String s0 = data.consumeAsciiString(8);
        if (s0 == null || s0.length() == 0) {
            s0 = "a";
        }
        String text = s0 + data.consumeString(64);

        int len = data.consumeInt(2, 6);
        String[] search = new String[len];
        String[] replacement = new String[len];

        search[0] = s0;
        replacement[0] = data.consumeAsciiString(8);

        int nullIndex = data.consumeInt(1, len - 1);
        for (int i = 1; i < len; i++) {
            if (data.consumeBoolean()) {
                search[i] = null;
            } else {
                search[i] = data.consumeAsciiString(8);
            }
            if (i == nullIndex) {
                replacement[i] = null; // ensure at least one null element to exercise the bug/patch
            } else {
                if (data.consumeBoolean()) {
                    replacement[i] = null;
                } else {
                    replacement[i] = data.consumeAsciiString(8);
                }
            }
        }
        StringUtils.replaceEach(text, search, replacement);

        // Extra small variant to frequently hit the patched early-return "cbc" path (null at index 1)
        if (data.consumeBoolean()) {
            String sA = data.consumeAsciiString(4);
            if (sA == null || sA.length() == 0) {
                sA = "x";
            }
            String t2 = sA + data.consumeAsciiString(16);
            String[] sch2 = new String[] { sA, data.consumeBoolean() ? data.consumeAsciiString(4) : null };
            String[] rep2 = new String[] { data.consumeAsciiString(4), null };
            StringUtils.replaceEach(t2, sch2, rep2);
        }
    }
}
✗ compiled but did NOT trigger on the buggy version (rc=1) — rejecting

==================== attempt 022/30 (repair turn) ====================
--- raw LLM response ---
package org.apache.commons.lang3;

import com.code_intelligence.jazzer.api.FuzzedDataProvider;

public class FuzzHarness {
    public static void fuzzerTestOneInput(com.code_intelligence.jazzer.api.FuzzedDataProvider data) {
        /* Bug: org.apache.commons.lang3.StringUtils.replaceEach NPE when a null is present in replacementList; minimal input shape: text="aba", searchList={"a","b"}, replacementList={"c", null} */
        // ANCHOR: guaranteed trigger on buggy version
        StringUtils.replaceEach("aba", new String[]{"a", "b"}, new String[]{"c", null});

        // EXPLORE: fuzz around the same shape to catch overfitting fixes
        String s0 = data.consumeAsciiString(8);
        if (s0 == null || s0.length() == 0) s0 = "a";
        String s1 = data.consumeAsciiString(8);
        if (s1 == null || s1.length() == 0) s1 = "b";
        // Ensure s0 occurs first so replaceIndex becomes 0
        String text = s0 + s1 + data.consumeAsciiString(16);
        String r0 = data.consumeAsciiString(8);
        if (r0 == null || r0.length() == 0) r0 = "c";

        // Core two-element case with a guaranteed null replacement at index 1
        StringUtils.replaceEach(text, new String[]{s0, s1}, new String[]{r0, null});

        // Add small variability while preserving the null in replacements to exercise the same path
        int extra = data.consumeInt(0, 2);
        String[] search = new String[2 + extra];
        String[] repl = new String[2 + extra];
        search[0] = s0;
        repl[0] = r0;
        search[1] = s1;
        repl[1] = null; // keep at least one null to tickle the buggy increase-size loop
        for (int i = 2; i < search.length; i++) {
            search[i] = data.consumeBoolean() ? null : data.consumeAsciiString(8);
            repl[i] = data.consumeBoolean() ? null : data.consumeAsciiString(8);
        }
        StringUtils.replaceEach(text + data.consumeAsciiString(32), search, repl);
    }
}
✗ compiled but did NOT trigger on the buggy version (rc=1) — rejecting

==================== attempt 023/30 (repair turn) ====================
--- raw LLM response ---
package org.apache.commons.lang3;

import com.code_intelligence.jazzer.api.FuzzedDataProvider;

public class FuzzHarness {
    public static void fuzzerTestOneInput(com.code_intelligence.jazzer.api.FuzzedDataProvider data) {
        /* Bug: StringUtils.replaceEach NPE in preallocation loop when replacementList contains a null; minimal input: text="aba", search={"a","b"}, replacement={"c", null} */
        // Strong anchors that must hit the buggy code path:
        // 1) Classic trigger from the failing test
        StringUtils.replaceEach("aba", new String[] {"a", "b"}, new String[] {"c", null});
        // 2) Variant where the null replacement is at index 0 but there is still at least one match
        StringUtils.replaceEach("ba", new String[] {"b", "a"}, new String[] {null, "c"});

        // Explore nearby inputs while preserving the bug-triggering shape:
        // Ensure at least one non-null search with non-null replacement and at least one null in replacement list.
        String s0 = data.consumeAsciiString(4);
        if (s0 == null || s0.length() == 0) s0 = "a";
        String s1 = data.consumeAsciiString(4);
        if (s1 == null || s1.length() == 0) s1 = "b";
        String r0 = data.consumeAsciiString(4);
        if (r0 == null || r0.length() == 0) r0 = "c";

        // Text must contain s0 or s1 so that textIndex != -1 and the preallocation loop is reached
        String text = (data.consumeBoolean() ? s0 : s1) + data.consumeAsciiString(32);

        // Two-element case with a guaranteed null at index 1 (mirrors the failing test)
        StringUtils.replaceEach(text, new String[] { s0, s1 }, new String[] { r0, null });

        // Slightly larger arrays keeping at least one null replacement
        int extra = data.consumeInt(0, 3);
        String[] search = new String[2 + extra];
        String[] repl = new String[2 + extra];
        search[0] = s0;
        search[1] = s1;
        repl[0] = r0;
        repl[1] = null; // ensure at least one null replacement triggers the buggy loop
        for (int i = 2; i < search.length; i++) {
            search[i] = data.consumeBoolean() ? null : data.consumeAsciiString(6);
            repl[i] = data.consumeBoolean() ? null : data.consumeAsciiString(6);
        }
        StringUtils.replaceEach(text, search, repl);
    }
}
✗ compiled but did NOT trigger on the buggy version (rc=1) — rejecting

==================== attempt 024/30 (repair turn) ====================
--- raw LLM response ---
package org.apache.commons.lang3;

import com.code_intelligence.jazzer.api.FuzzedDataProvider;

public class FuzzHarness {
    public static void fuzzerTestOneInput(com.code_intelligence.jazzer.api.FuzzedDataProvider data) {
        /* Bug: StringUtils.replaceEach NPE when replacementList contains a null and at least one match exists; minimal input: text="aba", search={"a","b"}, replacement={"c", null} */

        // Anchor: mirror the failing test inputs to reach and then trigger the buggy path
        StringUtils.replaceEach(null, new String[]{"a"}, new String[]{"b"});
        StringUtils.replaceEach("", new String[]{"a"}, new String[]{"b"});
        StringUtils.replaceEach("aba", null, null);
        StringUtils.replaceEach("aba", new String[0], null);
        StringUtils.replaceEach("aba", null, new String[0]);
        StringUtils.replaceEach("aba", new String[]{"a"}, null);
        StringUtils.replaceEach("aba", new String[]{null}, new String[]{"a"});
        StringUtils.replaceEach("aba", new String[]{"a"}, new String[]{null});

        // Guaranteed trigger on buggy version: causes NPE in increase-size loop
        StringUtils.replaceEach("aba", new String[]{"a", "b"}, new String[]{"c", null});

        // Explore nearby shapes while preserving at least one null replacement and at least one valid match
        String s0 = data.consumeAsciiString(8);
        if (s0 == null || s0.length() == 0) s0 = "a";
        String s1 = data.consumeAsciiString(8);
        if (s1 == null || s1.length() == 0) s1 = "b";
        String r0 = data.consumeAsciiString(8);
        if (r0 == null || r0.length() == 0) r0 = "c";

        // Ensure text contains s0 so that at least one match is found (avoids early return)
        String text = s0 + data.consumeAsciiString(32);

        // Two-element variant with null at index 1
        StringUtils.replaceEach(text, new String[]{s0, s1}, new String[]{r0, null});

        // Slightly larger arrays with at least one null replacement
        int extra = data.consumeInt(0, 3);
        String[] search = new String[2 + extra];
        String[] repl = new String[2 + extra];
        search[0] = s0;
        search[1] = s1;
        repl[0] = r0;
        repl[1] = null; // keep a null to exercise the buggy path
        for (int i = 2; i < search.length; i++) {
            search[i] = data.consumeBoolean() ? null : data.consumeAsciiString(6);
            repl[i] = data.consumeBoolean() ? null : data.consumeAsciiString(6);
        }
        StringUtils.replaceEach(text, search, repl);
    }
}
✗ compiled but did NOT trigger on the buggy version (rc=1) — rejecting
⟲ 3 repair turns failed in a row — resetting to a fresh prompt
#################### prompt ####################
Write a Jazzer harness. Rules:

- Class named exactly `FuzzHarness`.
- Entrypoint exactly:
    public static void fuzzerTestOneInput(com.code_intelligence.jazzer.api.FuzzedDataProvider data)
- Package: `org.apache.commons.lang3` (`package org.apache.commons.lang3;` at the top).
  Same-package placement gives direct access to package-private members — no reflection.
- Output raw Java only: no markdown fences, no prose. A leading `/* ... */` comment is allowed. Must compile with `javac` against the project classpath plus jazzer-api.jar.

Codebase: `Lang_39_buggy`. The patch below touches the functions listed. Your harness must call those functions so the patched behaviour is reachable from the fuzz entrypoint.

Patch under analysis:
<patch>
--- /src/java/org/apache/commons/lang3/StringUtils.java
+++ /src/java/org/apache/commons/lang3/StringUtils.java	
@@ -3642,9 +3642,12 @@
         // index of replace array that will replace the search string found
         // NOTE: logic duplicated below START
         for (int i = 0; i < searchLength; i++) {
-            if (noMoreMatchesForReplIndex[i] || searchList[i] == null || 
-                searchList[i].length() == 0 || replacementList[i] == null) 
+            if (noMoreMatchesForReplIndex[i] || searchList[i] == null ||
+                    searchList[i].length() == 0 || replacementList[i] == null)
             {
+//ACS's patch begin
+ if (replaceIndex==0.0){return "cbc";}
+//ACS's patch end
                 continue;
             }
</patch>

Available imports from the modified file (copy exactly when you need these types):
<source_imports>
import java.util.ArrayList;
import java.util.Iterator;
import java.util.List;
import java.util.Locale;
</source_imports>

Function `replaceEach`:
<signature>
private static String replaceEach(String text, String[] searchList, String[] replacementList, boolean repeat, int timeToLive)
</signature>
<code>
    private static String replaceEach(String text, String[] searchList, String[] replacementList, 
                                      boolean repeat, int timeToLive) 
    {

        // mchyzer Performance note: This creates very few new objects (one major goal)
        // let me know if there are performance requests, we can create a harness to measure

        if (text == null || text.length() == 0 || searchList == null || 
            searchList.length == 0 || replacementList == null || replacementList.length == 0) 
        {
            return text;
        }

        // if recursing, this shouldnt be less than 0
        if (timeToLive < 0) {
            throw new IllegalStateException("TimeToLive of " + timeToLive + " is less than 0: " + text);
        }

        int searchLength = searchList.length;
        int replacementLength = replacementList.length;

        // make sure lengths are ok, these need to be equal
        if (searchLength != replacementLength) {
            throw new IllegalArgumentException("Search and Replace array lengths don't match: "
                + searchLength
                + " vs "
                + replacementLength);
        }

        // keep track of which still have matches
        boolean[] noMoreMatchesForReplIndex = new boolean[searchLength];

        // index on index that the match was found
        int textIndex = -1;
        int replaceIndex = -1;
        int tempIndex = -1;

        // index of replace array that will replace the search string found
        // NOTE: logic duplicated below START
        for (int i = 0; i < searchLength; i++) {
            if (noMoreMatchesForReplIndex[i] || searchList[i] == null || 
                searchList[i].length() == 0 || replacementList[i] == null) 
            {
                continue;
            }
            tempIndex = text.indexOf(searchList[i]);

            // see if we need to keep searching for this
            if (tempIndex == -1) {
                noMoreMatchesForReplIndex[i] = true;
            } else {
                if (textIndex == -1 || tempIndex < textIndex) {
                    textIndex = tempIndex;
                    replaceIndex = i;
                }
            }
        }
        // NOTE: logic mostly below END

        // no search strings found, we are done
        if (textIndex == -1) {
            return text;
        }

        int start = 0;

        // get a good guess on the size of the result buffer so it doesnt have to double if it goes over a bit
        int increase = 0;

        // count the replacement text elements that are larger than their corresponding text being replaced
        for (int i = 0; i < searchList.length; i++) {
            int greater = replacementList[i].length() - searchList[i].length();
            if (greater > 0) {
                increase += 3 * greater; // assume 3 matches
            }
        }
        // have upper-bound at 20% increase, then let Java take over
        increase = Math.min(increase, text.length() / 5);

        StringBuilder buf = new StringBuilder(text.length() + increase);

        while (textIndex != -1) {

            for (int i = start; i < textIndex; i++) {
                buf.append(text.charAt(i));
            }
            buf.append(replacementList[replaceIndex]);

            start = textIndex + searchList[replaceIndex].length();

            textIndex = -1;
            replaceIndex = -1;
            tempIndex = -1;
            // find the next earliest match
            // NOTE: logic mostly duplicated above START
            for (int i = 0; i < searchLength; i++) {
                if (noMoreMatchesForReplIndex[i] || searchList[i] == null || 
                    searchList[i].length() == 0 || replacementList[i] == null) 
                {
                    continue;
                }
                tempIndex = text.indexOf(searchList[i], start);

                // see if we need to keep searching for this
                if (tempIndex == -1) {
                    noMoreMatchesForReplIndex[i] = true;
                } else {
                    if (textIndex == -1 || tempIndex < textIndex) {
                        textIndex = tempIndex;
                        replaceIndex = i;
                    }
                }
            }
            // NOTE: logic duplicated above END

        }
        int textLength = text.length();
        for (int i = start; i < textLength; i++) {
            buf.append(text.charAt(i));
        }
        String result = buf.toString();
        if (!repeat) {
            return result;
        }

        return replaceEach(result, searchList, replacementList, repeat, timeToLive - 1);
    }
</code>
Methods called by `replaceEach` whose behaviour the patched code depends on. The body above shows how their results are USED; the declarations below show what they return and how real implementations behave. To reach the fault you usually need to drive the target through one of these implementations with an input that makes its return value exercise the patched path.
<callee name="length" from="StringUtils.java">
<signature>
public static int length(String str)
</signature>
<code>
    public static int length(String str) {
        return str == null ? 0 : str.length();
    }
</code>
</callee>
<callee name="indexOf" from="ArrayUtils.java">
<signature>
public static int indexOf(Object[] array, Object objectToFind)
</signature>
<code>
    public static int indexOf(Object[] array, Object objectToFind) {
        return indexOf(array, objectToFind, 0);
    }
</code>
<implementation in="ArrayUtils.java">
    public static int indexOf(Object[] array, Object objectToFind) {
        return indexOf(array, objectToFind, 0);
    }
</implementation>
<implementation in="ArrayUtils.java">
    public static int indexOf(Object[] array, Object objectToFind, int startIndex) {
        if (array == null) {
            return INDEX_NOT_FOUND;
        }
        if (startIndex < 0) {
            startIndex = 0;
        }
        if (objectToFind == null) {
            for (int i = startIndex; i < array.length; i++) {
                if (array[i] == null) {
                    return i;
                }
            }
        } else if (array.getClass().getComponentType().isInstance(objectToFind)) {
            for (int i = startIndex; i < array.length; i++) {
                if (objectToFind.equals(array[i])) {
                    return i;
                }
            }
        }
        return INDEX_NOT_FOUND;
    }
</implementation>
<implementation in="ArrayUtils.java">
    public static int indexOf(long[] array, long valueToFind) {
        return indexOf(array, valueToFind, 0);
    }
</implementation>
<implementation in="ArrayUtils.java">
    public static int indexOf(long[] array, long valueToFind, int startIndex) {
        if (array == null) {
            return INDEX_NOT_FOUND;
        }
        if (startIndex < 0) {
            startIndex = 0;
        }
        for (int i = startIndex; i < array.length; i++) {
            if (valueToFind == array[i]) {
                return i;
            }
        }
        return INDEX_NOT_FOUND;
    }
</implementation>
</callee>
<callee name="min" from="ObjectUtils.java">
<signature>
public static T min(T c1, T c2)
</signature>
<code>
    public static <T extends Comparable<? super T>> T min(T c1, T c2) {
        if (c1 != null && c2 != null) {
            return c1.compareTo(c2) < 1 ? c1 : c2;
        } else {
            return c1 != null ? c1 : c2;
        }                              
    }
</code>
</callee>
<callee name="toString" from="ArrayUtils.java">
<signature>
public static String toString(Object array)
</signature>
<code>
    public static String toString(Object array) {
        return toString(array, "{}");
    }
</code>
<implementation in="ArrayUtils.java">
    public static String toString(Object array) {
        return toString(array, "{}");
    }
</implementation>
<implementation in="ArrayUtils.java">
    public static String toString(Object array, String stringIfNull) {
        if (array == null) {
            return stringIfNull;
        }
        return new ToStringBuilder(array, ToStringStyle.SIMPLE_STYLE).append(array).toString();
    }
</implementation>
<implementation in="BooleanUtils.java">
    public static String toString(Boolean bool, String trueString, String falseString, String nullString) {
        if (bool == null) {
            return nullString;
        }
        return bool.booleanValue() ? trueString : falseString;
    }
</implementation>
<implementation in="BooleanUtils.java">
    public static String toString(boolean bool, String trueString, String falseString) {
        return bool ? trueString : falseString;
    }
</implementation>
</callee>
<callee name="replaceEach" from="StringUtils.java">
<signature>
public static String replaceEach(String text, String[] searchList, String[] replacementList)
</signature>
<code>
    public static String replaceEach(String text, String[] searchList, String[] replacementList) {
        return replaceEach(text, searchList, replacementList, false, 0);
    }
</code>
</callee>

The failing test below shows how to reach the bug. Use it with TWO strategies:

1. ANCHOR: call the target with the exact input(s) from the test first. This is your guaranteed crash on the buggy version.

2. EXPLORE: after the anchor, use FuzzedDataProvider to vary the same input shape. Overfitting patches typically fix only the seed input; fuzzed neighbours catch them.
Expected throwable: java.lang.NullPointerException. Let it propagate uncaught from fuzzerTestOneInput. Catch only checked exceptions declared by the target (rethrow as RuntimeException).
GROUND-TRUTH CRASH (captured by running the trigger test on the buggy version — this is the verified failure, trust it over anything inferred from the test body):
<ground_truth_crash>
throwable: java.lang.NullPointerException
thrown_at: org.apache.commons.lang3.StringUtils.replaceEach(StringUtils.java:3676)
</ground_truth_crash>
Trigger lines: null passed as an array element. Mirror these calls:
<key_calls class="org.apache.commons.lang3.StringUtilsTest" method="testReplace_StringStringArrayStringArray">
assertNull(StringUtils.replaceEach(null, new String[]{"a"}, new String[]{"b"}));
assertEquals(StringUtils.replaceEach("aba", null, null),"aba");
assertEquals(StringUtils.replaceEach("aba", new String[0], null),"aba");
assertEquals(StringUtils.replaceEach("aba", null, new String[0]),"aba");
assertEquals(StringUtils.replaceEach("aba", new String[]{"a"}, null),"aba");
assertEquals(StringUtils.replaceEach("aba", new String[]{null}, new String[]{"a"}),"aba");
assertEquals(StringUtils.replaceEach("aba", new String[]{"a"}, new String[]{null}),"aba");
assertEquals(StringUtils.replaceEach("aba", new String[]{"a", "b"}, new String[]{"c", null}),"cbc");
</key_calls>
<failing_test class="org.apache.commons.lang3.StringUtilsTest" method="testReplace_StringStringArrayStringArray">
    public void testReplace_StringStringArrayStringArray() {

        
        //JAVADOC TESTS START
        assertNull(StringUtils.replaceEach(null, new String[]{"a"}, new String[]{"b"}));
        assertEquals(StringUtils.replaceEach("", new String[]{"a"}, new String[]{"b"}),"");
        assertEquals(StringUtils.replaceEach("aba", null, null),"aba");
        assertEquals(StringUtils.replaceEach("aba", new String[0], null),"aba");
        assertEquals(StringUtils.replaceEach("aba", null, new String[0]),"aba");
        assertEquals(StringUtils.replaceEach("aba", new String[]{"a"}, null),"aba");

        assertEquals(StringUtils.replaceEach("aba", new String[]{"a"}, new String[]{""}),"b");
        assertEquals(StringUtils.replaceEach("aba", new String[]{null}, new String[]{"a"}),"aba");
        assertEquals(StringUtils.replaceEach("abcde", new String[]{"ab", "d"}, new String[]{"w", "t"}),"wcte");
        assertEquals(StringUtils.replaceEach("abcde", new String[]{"ab", "d"}, new String[]{"d", "t"}),"dcte");
        //JAVADOC TESTS END

        assertEquals("bcc", StringUtils.replaceEach("abc", new String[]{"a", "b"}, new String[]{"b", "c"}));
        assertEquals("q651.506bera", StringUtils.replaceEach("d216.102oren",
            new String[]{"a", "b", "c", "d", "e", "f", "g", "h", "i", "j", "k", "l", "m", "n", 
                "o", "p", "q", "r", "s", "t", "u", "v", "w", "x", "y", "z", "A", "B", "C", "D", 
                "E", "F", "G", "H", "I", "J", "K", "L", "M", "N", "O", "
        // ... (truncated)
</failing_test>

Use ONLY these FuzzedDataProvider methods (no invented overloads):

    int     consumeInt()                    // any int
    int     consumeInt(int min, int max)    // inclusive
    byte    consumeByte()
    boolean consumeBoolean()
    String  consumeString(int maxLength)    // ONE arg
    String  consumeAsciiString(int maxLength)
    String  consumeRemainingAsString()
    byte[]  consumeBytes(int maxLength)
    byte[]  consumeRemainingAsBytes()
    int     remainingBytes()

Catch only checked exceptions declared by the target (rethrow as RuntimeException); let everything else propagate.

Complete the skeleton below. Fill in ONLY the `// >>> YOUR CODE HERE <<<` region. Do NOT change the package, import, class name, or entrypoint. Do NOT add a `main` method. Add extra imports only if javac requires them, directly below the existing import.
<skeleton>
package org.apache.commons.lang3;

import com.code_intelligence.jazzer.api.FuzzedDataProvider;

public class FuzzHarness {
    public static void fuzzerTestOneInput(com.code_intelligence.jazzer.api.FuzzedDataProvider data) {
        // >>> YOUR CODE HERE <<<
    }
}
</skeleton>

Before the construction code, add a `/* ... */` comment on the first line inside the entrypoint body identifying (a) the bug class and (b) the minimal input shape that reaches the fault. Nothing above the package line.
################################################

==================== attempt 025/30 ====================
--- raw LLM response ---
package org.apache.commons.lang3;

import com.code_intelligence.jazzer.api.FuzzedDataProvider;

public class FuzzHarness {
    public static void fuzzerTestOneInput(com.code_intelligence.jazzer.api.FuzzedDataProvider data) {
        /* Bug: StringUtils.replaceEach NPE when a replacement is null; minimal: text="aba", search={"a","b"}, repl={"c", null} */
        // ANCHOR: exact failing input
        StringUtils.replaceEach("aba", new String[]{"a", "b"}, new String[]{"c", null});

        // EXPLORE: vary same input shape

        // Randomized call with arrays of equal length, possibly containing nulls
        String text1 = data.consumeBoolean() ? null : data.consumeString(64);
        int n1 = data.consumeInt(0, 6);
        String[] search1 = data.consumeBoolean() ? null : new String[n1];
        if (search1 != null) {
            for (int i = 0; i < n1; i++) {
                search1[i] = data.consumeBoolean() ? null : data.consumeAsciiString(8);
            }
        }
        String[] repl1 = data.consumeBoolean() ? null : new String[n1];
        if (repl1 != null) {
            for (int i = 0; i < n1; i++) {
                repl1[i] = data.consumeBoolean() ? null : data.consumeAsciiString(8);
            }
        }
        StringUtils.replaceEach(text1, search1, repl1);

        // Focused variation: length 2, second replacement often null to probe the NPE site
        String text2 = data.consumeString(48);
        String s20 = data.consumeAsciiString(6);
        String s21 = data.consumeAsciiString(6);
        String r20 = data.consumeAsciiString(6);
        String r21 = data.consumeBoolean() ? null : data.consumeAsciiString(6);
        StringUtils.replaceEach(text2, new String[]{s20, s21}, new String[]{r20, r21});

        // Another variation with small arrays and potential empty strings
        String text3 = data.consumeBoolean() ? "" : data.consumeString(32);
        int n3 = data.consumeInt(0, 4);
        String[] search3 = data.consumeBoolean() ? null : new String[n3];
        if (search3 != null) {
            for (int i = 0; i < n3; i++) {
                search3[i] = data.consumeBoolean() ? "" : (data.consumeBoolean() ? null : data.consumeAsciiString(5));
            }
        }
        String[] repl3 = data.consumeBoolean() ? null : new String[n3];
        if (repl3 != null) {
            for (int i = 0; i < n3; i++) {
                repl3[i] = data.consumeBoolean() ? "" : (data.consumeBoolean() ? null : data.consumeAsciiString(5));
            }
        }
        StringUtils.replaceEach(text3, search3, repl3);
    }
}
✗ compiled but did NOT trigger on the buggy version (rc=1) — rejecting

==================== attempt 026/30 (repair turn) ====================
--- raw LLM response ---
package org.apache.commons.lang3;

import com.code_intelligence.jazzer.api.FuzzedDataProvider;

public class FuzzHarness {
    public static void fuzzerTestOneInput(com.code_intelligence.jazzer.api.FuzzedDataProvider data) {
        /* Bug: StringUtils.replaceEach NPE when a replacementList element is null but at least one match exists; minimal: text="aba", search={"a","b"}, repl={"c", null} */

        // ANCHOR: exact known-crashing input on buggy version (let it throw)
        StringUtils.replaceEach("aba", new String[]{"a", "b"}, new String[]{"c", null});

        // EXPLORE 1: Keep shape length=2, ensure at least one non-null replacement and one possibly null.
        String text1 = "a" + (data.consumeBoolean() ? "b" : data.consumeAsciiString(1)) + "a";
        String s10 = "a";
        String s11 = data.consumeBoolean() ? "b" : data.consumeAsciiString(3);
        String r10 = data.consumeAsciiString(4);
        String r11 = data.consumeBoolean() ? null : data.consumeAsciiString(4);
        StringUtils.replaceEach(text1, new String[]{s10, s11}, new String[]{r10, r11});

        // EXPLORE 2: Randomized arrays of equal length with at least one non-null replacement
        int n = data.consumeInt(1, 5);
        String text2 = data.consumeString(64);
        String[] search2 = new String[n];
        String[] repl2 = new String[n];
        boolean haveNonNullRepl = false;
        for (int i = 0; i < n; i++) {
            // bias towards short tokens
            String token = data.consumeBoolean() ? data.consumeAsciiString(3) : data.consumeAsciiString(1);
            search2[i] = data.consumeBoolean() ? token : (token == null || token.length() == 0 ? "a" : token);
            if (i == 0 || data.consumeBoolean()) {
                repl2[i] = data.consumeBoolean() ? null : data.consumeAsciiString(4);
            } else {
                repl2[i] = null;
            }
            if (repl2[i] != null) {
                haveNonNullRepl = true;
            }
        }
        // Ensure at least one non-null replacement to get past the initial match detection
        if (!haveNonNullRepl) {
            repl2[0] = "x";
        }
        StringUtils.replaceEach(text2, search2, repl2);

        // EXPLORE 3: Deterministic neighboring case variations around the anchor
        String s20 = data.consumeBoolean() ? "a" : "ab";
        String s21 = data.consumeBoolean() ? "b" : "ba";
        String r20 = data.consumeBoolean() ? "c" : "d";
        String r21 = data.consumeBoolean() ? null : (data.consumeBoolean() ? "" : "e");
        String text3 = data.consumeBoolean() ? "aba" : (s20 + s21 + s20);
        StringUtils.replaceEach(text3, new String[]{s20, s21}, new String[]{r20, r21});
    }
}
✗ compiled but did NOT trigger on the buggy version (rc=1) — rejecting

==================== attempt 027/30 (repair turn) ====================
--- raw LLM response ---
package org.apache.commons.lang3;

import com.code_intelligence.jazzer.api.FuzzedDataProvider;

public class FuzzHarness {
    public static void fuzzerTestOneInput(com.code_intelligence.jazzer.api.FuzzedDataProvider data) {
        /* Bug: StringUtils.replaceEach NPE when a replacementList element is null; minimal: text="aba", search={"a","b"}, repl={"c", null} */

        // ANCHOR: exact failing input, built dynamically to avoid constant folding/intern nuances
        String anchorText = new String(new char[]{'a','b','a'});
        String[] anchorSearch = new String[]{ new String(new char[]{'a'}), new String(new char[]{'b'}) };
        String[] anchorRepl = new String[]{ new String(new char[]{'c'}), null };
        StringUtils.replaceEach(anchorText, anchorSearch, anchorRepl);

        // EXPLORE: Neighbors with same shape ensuring at least one null replacement and at least one matchable search
        // Ensure text contains the first search token earlier than the second to drive replaceIndex==0
        String s0 = data.consumeAsciiString(3);
        if (s0 == null || s0.length() == 0) s0 = "a";
        String s1 = data.consumeAsciiString(3);
        if (s1 == null || s1.length() == 0) s1 = "b";
        String r0 = data.consumeAsciiString(4);
        if (r0 == null) r0 = "c";

        // Construct text to contain s0 at index 0 and s1 later
        String filler = data.consumeAsciiString(5);
        if (filler == null) filler = "";
        String text1 = s0 + (data.consumeBoolean() ? filler : "") + s1 + (data.consumeBoolean() ? filler : "") + s0;

        // replacement for s1 is often null to probe the buggy increase loop
        String r1 = data.consumeBoolean() ? null : data.consumeAsciiString(4);

        StringUtils.replaceEach(text1, new String[]{s0, s1}, new String[]{r0, r1});

        // EXPLORE: Randomized arrays, equal length, include at least one null replacement
        int n = data.consumeInt(1, 5);
        String text2 = data.consumeString(64);
        if (text2 == null) text2 = "x";
        String[] search = new String[n];
        String[] repl = new String[n];
        boolean haveNonNullRepl = false;
        for (int i = 0; i < n; i++) {
            String tok = data.consumeAsciiString(3);
            if (tok == null || tok.length() == 0) tok = i == 0 ? "a" : "b";
            search[i] = tok;
            // Bias towards introducing nulls
            repl[i] = (i == 1 || data.consumeBoolean()) ? null : data.consumeAsciiString(4);
            if (repl[i] != null) haveNonNullRepl = true;
        }
        // Ensure at least one non-null replacement so a match can be found and we proceed past initial checks
        if (!haveNonNullRepl) {
            repl[0] = "z";
        }
        StringUtils.replaceEach(text2, search, repl);
    }
}
✗ compiled but did NOT trigger on the buggy version (rc=1) — rejecting

==================== attempt 028/30 (repair turn) ====================
--- raw LLM response ---
package org.apache.commons.lang3;

import com.code_intelligence.jazzer.api.FuzzedDataProvider;

public class FuzzHarness {
    public static void fuzzerTestOneInput(com.code_intelligence.jazzer.api.FuzzedDataProvider data) {
        /* Bug: StringUtils.replaceEach NPE in 'increase' loop when any replacementList element is null; minimal: text="aba", search={"a","b"}, repl={"c", null} */

        // ANCHOR: exact known-crashing input on buggy version
        StringUtils.replaceEach("aba", new String[]{"a", "b"}, new String[]{"c", null});

        // Mirror several calls from the test to ensure we definitely reach replaceEach and then the buggy path
        StringUtils.replaceEach(null, new String[]{"a"}, new String[]{"b"});
        StringUtils.replaceEach("", new String[]{"a"}, new String[]{"b"});
        StringUtils.replaceEach("aba", null, null);
        StringUtils.replaceEach("aba", new String[0], null);
        StringUtils.replaceEach("aba", null, new String[0]);
        StringUtils.replaceEach("aba", new String[]{"a"}, null);
        StringUtils.replaceEach("aba", new String[]{"a"}, new String[]{""});
        StringUtils.replaceEach("aba", new String[]{null}, new String[]{"a"});
        StringUtils.replaceEach("abcde", new String[]{"ab", "d"}, new String[]{"w", "t"});
        StringUtils.replaceEach("abcde", new String[]{"ab", "d"}, new String[]{"d", "t"});

        // EXPLORE: Keep the same shape but vary contents; ensure conditions to hit the buggy NPE:
        // - arrays non-null, equal length >= 1
        // - at least one replacement is null (to trigger NPE in increase loop)
        // - at least one search has a non-null replacement and occurs in text (to get past early return)
        int n = data.consumeInt(1, 6);
        String[] search = new String[n];
        String[] repl = new String[n];

        // Build short tokens, avoid all-empty or all-null searches
        for (int i = 0; i < n; i++) {
            String tok = data.consumeAsciiString(3);
            if (tok == null || tok.length() == 0) {
                tok = i % 2 == 0 ? "a" : "b";
            }
            search[i] = tok;
        }

        // Ensure at least one null replacement to tickle the NPE and at least one non-null replacement
        boolean haveNullRepl = false;
        boolean haveNonNullRepl = false;
        for (int i = 0; i < n; i++) {
            boolean makeNull = (i == 1) || (i > 1 && data.consumeBoolean());
            if (makeNull) {
                repl[i] = null;
                haveNullRepl = true;
            } else {
                String r = data.consumeAsciiString(4);
                if (r == null) r = "x";
                repl[i] = r;
                haveNonNullRepl = true;
            }
        }
        if (!haveNullRepl) {
            repl[Math.min(1, n - 1)] = null;
            haveNullRepl = true;
        }
        if (!haveNonNullRepl) {
            repl[0] = "x";
            haveNonNullRepl = true;
        }

        // Construct text containing at least one search with non-null replacement to ensure textIndex != -1
        StringBuilder tb = new StringBuilder();
        tb.append(search[0]);
        tb.append(data.consumeAsciiString(5));
        if (n > 1) {
            tb.append(search[1]);
        } else {
            tb.append(search[0]);
        }
        tb.append(data.consumeAsciiString(5));
        String text = tb.toString();

        StringUtils.replaceEach(text, search, repl);

        // Additional focused neighbor around the anchor: 2-length arrays with second replacement often null
        String s0 = data.consumeBoolean() ? "a" : data.consumeAsciiString(2);
        if (s0 == null || s0.length() == 0) s0 = "a";
        String s1 = data.consumeBoolean() ? "b" : data.consumeAsciiString(2);
        if (s1 == null || s1.length() == 0) s1 = "b";
        String r0 = data.consumeAsciiString(3);
        if (r0 == null || r0.length() == 0) r0 = "c";
        String r1 = data.consumeBoolean() ? null : data.consumeAsciiString(3);
        String t2 = s0 + s1 + s0;
        StringUtils.replaceEach(t2, new String[]{s0, s1}, new String[]{r0, r1});
    }
}
✗ compiled but did NOT trigger on the buggy version (rc=1) — rejecting
⟲ 3 repair turns failed in a row — resetting to a fresh prompt
#################### prompt ####################
Write a Jazzer harness. Rules:

- Class named exactly `FuzzHarness`.
- Entrypoint exactly:
    public static void fuzzerTestOneInput(com.code_intelligence.jazzer.api.FuzzedDataProvider data)
- Package: `org.apache.commons.lang3` (`package org.apache.commons.lang3;` at the top).
  Same-package placement gives direct access to package-private members — no reflection.
- Output raw Java only: no markdown fences, no prose. A leading `/* ... */` comment is allowed. Must compile with `javac` against the project classpath plus jazzer-api.jar.

Codebase: `Lang_39_buggy`. The patch below touches the functions listed. Your harness must call those functions so the patched behaviour is reachable from the fuzz entrypoint.

Patch under analysis:
<patch>
--- /src/java/org/apache/commons/lang3/StringUtils.java
+++ /src/java/org/apache/commons/lang3/StringUtils.java	
@@ -3642,9 +3642,12 @@
         // index of replace array that will replace the search string found
         // NOTE: logic duplicated below START
         for (int i = 0; i < searchLength; i++) {
-            if (noMoreMatchesForReplIndex[i] || searchList[i] == null || 
-                searchList[i].length() == 0 || replacementList[i] == null) 
+            if (noMoreMatchesForReplIndex[i] || searchList[i] == null ||
+                    searchList[i].length() == 0 || replacementList[i] == null)
             {
+//ACS's patch begin
+ if (replaceIndex==0.0){return "cbc";}
+//ACS's patch end
                 continue;
             }
</patch>

Available imports from the modified file (copy exactly when you need these types):
<source_imports>
import java.util.ArrayList;
import java.util.Iterator;
import java.util.List;
import java.util.Locale;
</source_imports>

Function `replaceEach`:
<signature>
private static String replaceEach(String text, String[] searchList, String[] replacementList, boolean repeat, int timeToLive)
</signature>
<code>
    private static String replaceEach(String text, String[] searchList, String[] replacementList, 
                                      boolean repeat, int timeToLive) 
    {

        // mchyzer Performance note: This creates very few new objects (one major goal)
        // let me know if there are performance requests, we can create a harness to measure

        if (text == null || text.length() == 0 || searchList == null || 
            searchList.length == 0 || replacementList == null || replacementList.length == 0) 
        {
            return text;
        }

        // if recursing, this shouldnt be less than 0
        if (timeToLive < 0) {
            throw new IllegalStateException("TimeToLive of " + timeToLive + " is less than 0: " + text);
        }

        int searchLength = searchList.length;
        int replacementLength = replacementList.length;

        // make sure lengths are ok, these need to be equal
        if (searchLength != replacementLength) {
            throw new IllegalArgumentException("Search and Replace array lengths don't match: "
                + searchLength
                + " vs "
                + replacementLength);
        }

        // keep track of which still have matches
        boolean[] noMoreMatchesForReplIndex = new boolean[searchLength];

        // index on index that the match was found
        int textIndex = -1;
        int replaceIndex = -1;
        int tempIndex = -1;

        // index of replace array that will replace the search string found
        // NOTE: logic duplicated below START
        for (int i = 0; i < searchLength; i++) {
            if (noMoreMatchesForReplIndex[i] || searchList[i] == null || 
                searchList[i].length() == 0 || replacementList[i] == null) 
            {
                continue;
            }
            tempIndex = text.indexOf(searchList[i]);

            // see if we need to keep searching for this
            if (tempIndex == -1) {
                noMoreMatchesForReplIndex[i] = true;
            } else {
                if (textIndex == -1 || tempIndex < textIndex) {
                    textIndex = tempIndex;
                    replaceIndex = i;
                }
            }
        }
        // NOTE: logic mostly below END

        // no search strings found, we are done
        if (textIndex == -1) {
            return text;
        }

        int start = 0;

        // get a good guess on the size of the result buffer so it doesnt have to double if it goes over a bit
        int increase = 0;

        // count the replacement text elements that are larger than their corresponding text being replaced
        for (int i = 0; i < searchList.length; i++) {
            int greater = replacementList[i].length() - searchList[i].length();
            if (greater > 0) {
                increase += 3 * greater; // assume 3 matches
            }
        }
        // have upper-bound at 20% increase, then let Java take over
        increase = Math.min(increase, text.length() / 5);

        StringBuilder buf = new StringBuilder(text.length() + increase);

        while (textIndex != -1) {

            for (int i = start; i < textIndex; i++) {
                buf.append(text.charAt(i));
            }
            buf.append(replacementList[replaceIndex]);

            start = textIndex + searchList[replaceIndex].length();

            textIndex = -1;
            replaceIndex = -1;
            tempIndex = -1;
            // find the next earliest match
            // NOTE: logic mostly duplicated above START
            for (int i = 0; i < searchLength; i++) {
                if (noMoreMatchesForReplIndex[i] || searchList[i] == null || 
                    searchList[i].length() == 0 || replacementList[i] == null) 
                {
                    continue;
                }
                tempIndex = text.indexOf(searchList[i], start);

                // see if we need to keep searching for this
                if (tempIndex == -1) {
                    noMoreMatchesForReplIndex[i] = true;
                } else {
                    if (textIndex == -1 || tempIndex < textIndex) {
                        textIndex = tempIndex;
                        replaceIndex = i;
                    }
                }
            }
            // NOTE: logic duplicated above END

        }
        int textLength = text.length();
        for (int i = start; i < textLength; i++) {
            buf.append(text.charAt(i));
        }
        String result = buf.toString();
        if (!repeat) {
            return result;
        }

        return replaceEach(result, searchList, replacementList, repeat, timeToLive - 1);
    }
</code>
Methods called by `replaceEach` whose behaviour the patched code depends on. The body above shows how their results are USED; the declarations below show what they return and how real implementations behave. To reach the fault you usually need to drive the target through one of these implementations with an input that makes its return value exercise the patched path.
<callee name="length" from="StringUtils.java">
<signature>
public static int length(String str)
</signature>
<code>
    public static int length(String str) {
        return str == null ? 0 : str.length();
    }
</code>
</callee>
<callee name="indexOf" from="ArrayUtils.java">
<signature>
public static int indexOf(Object[] array, Object objectToFind)
</signature>
<code>
    public static int indexOf(Object[] array, Object objectToFind) {
        return indexOf(array, objectToFind, 0);
    }
</code>
<implementation in="ArrayUtils.java">
    public static int indexOf(Object[] array, Object objectToFind) {
        return indexOf(array, objectToFind, 0);
    }
</implementation>
<implementation in="ArrayUtils.java">
    public static int indexOf(Object[] array, Object objectToFind, int startIndex) {
        if (array == null) {
            return INDEX_NOT_FOUND;
        }
        if (startIndex < 0) {
            startIndex = 0;
        }
        if (objectToFind == null) {
            for (int i = startIndex; i < array.length; i++) {
                if (array[i] == null) {
                    return i;
                }
            }
        } else if (array.getClass().getComponentType().isInstance(objectToFind)) {
            for (int i = startIndex; i < array.length; i++) {
                if (objectToFind.equals(array[i])) {
                    return i;
                }
            }
        }
        return INDEX_NOT_FOUND;
    }
</implementation>
<implementation in="ArrayUtils.java">
    public static int indexOf(long[] array, long valueToFind) {
        return indexOf(array, valueToFind, 0);
    }
</implementation>
<implementation in="ArrayUtils.java">
    public static int indexOf(long[] array, long valueToFind, int startIndex) {
        if (array == null) {
            return INDEX_NOT_FOUND;
        }
        if (startIndex < 0) {
            startIndex = 0;
        }
        for (int i = startIndex; i < array.length; i++) {
            if (valueToFind == array[i]) {
                return i;
            }
        }
        return INDEX_NOT_FOUND;
    }
</implementation>
</callee>
<callee name="min" from="ObjectUtils.java">
<signature>
public static T min(T c1, T c2)
</signature>
<code>
    public static <T extends Comparable<? super T>> T min(T c1, T c2) {
        if (c1 != null && c2 != null) {
            return c1.compareTo(c2) < 1 ? c1 : c2;
        } else {
            return c1 != null ? c1 : c2;
        }                              
    }
</code>
</callee>
<callee name="toString" from="ArrayUtils.java">
<signature>
public static String toString(Object array)
</signature>
<code>
    public static String toString(Object array) {
        return toString(array, "{}");
    }
</code>
<implementation in="ArrayUtils.java">
    public static String toString(Object array) {
        return toString(array, "{}");
    }
</implementation>
<implementation in="ArrayUtils.java">
    public static String toString(Object array, String stringIfNull) {
        if (array == null) {
            return stringIfNull;
        }
        return new ToStringBuilder(array, ToStringStyle.SIMPLE_STYLE).append(array).toString();
    }
</implementation>
<implementation in="BooleanUtils.java">
    public static String toString(Boolean bool, String trueString, String falseString, String nullString) {
        if (bool == null) {
            return nullString;
        }
        return bool.booleanValue() ? trueString : falseString;
    }
</implementation>
<implementation in="BooleanUtils.java">
    public static String toString(boolean bool, String trueString, String falseString) {
        return bool ? trueString : falseString;
    }
</implementation>
</callee>
<callee name="replaceEach" from="StringUtils.java">
<signature>
public static String replaceEach(String text, String[] searchList, String[] replacementList)
</signature>
<code>
    public static String replaceEach(String text, String[] searchList, String[] replacementList) {
        return replaceEach(text, searchList, replacementList, false, 0);
    }
</code>
</callee>

The failing test below shows how to reach the bug. Use it with TWO strategies:

1. ANCHOR: call the target with the exact input(s) from the test first. This is your guaranteed crash on the buggy version.

2. EXPLORE: after the anchor, use FuzzedDataProvider to vary the same input shape. Overfitting patches typically fix only the seed input; fuzzed neighbours catch them.
Expected throwable: java.lang.NullPointerException. Let it propagate uncaught from fuzzerTestOneInput. Catch only checked exceptions declared by the target (rethrow as RuntimeException).
GROUND-TRUTH CRASH (captured by running the trigger test on the buggy version — this is the verified failure, trust it over anything inferred from the test body):
<ground_truth_crash>
throwable: java.lang.NullPointerException
thrown_at: org.apache.commons.lang3.StringUtils.replaceEach(StringUtils.java:3676)
</ground_truth_crash>
Trigger lines: null passed as an array element. Mirror these calls:
<key_calls class="org.apache.commons.lang3.StringUtilsTest" method="testReplace_StringStringArrayStringArray">
assertNull(StringUtils.replaceEach(null, new String[]{"a"}, new String[]{"b"}));
assertEquals(StringUtils.replaceEach("aba", null, null),"aba");
assertEquals(StringUtils.replaceEach("aba", new String[0], null),"aba");
assertEquals(StringUtils.replaceEach("aba", null, new String[0]),"aba");
assertEquals(StringUtils.replaceEach("aba", new String[]{"a"}, null),"aba");
assertEquals(StringUtils.replaceEach("aba", new String[]{null}, new String[]{"a"}),"aba");
assertEquals(StringUtils.replaceEach("aba", new String[]{"a"}, new String[]{null}),"aba");
assertEquals(StringUtils.replaceEach("aba", new String[]{"a", "b"}, new String[]{"c", null}),"cbc");
</key_calls>
<failing_test class="org.apache.commons.lang3.StringUtilsTest" method="testReplace_StringStringArrayStringArray">
    public void testReplace_StringStringArrayStringArray() {

        
        //JAVADOC TESTS START
        assertNull(StringUtils.replaceEach(null, new String[]{"a"}, new String[]{"b"}));
        assertEquals(StringUtils.replaceEach("", new String[]{"a"}, new String[]{"b"}),"");
        assertEquals(StringUtils.replaceEach("aba", null, null),"aba");
        assertEquals(StringUtils.replaceEach("aba", new String[0], null),"aba");
        assertEquals(StringUtils.replaceEach("aba", null, new String[0]),"aba");
        assertEquals(StringUtils.replaceEach("aba", new String[]{"a"}, null),"aba");

        assertEquals(StringUtils.replaceEach("aba", new String[]{"a"}, new String[]{""}),"b");
        assertEquals(StringUtils.replaceEach("aba", new String[]{null}, new String[]{"a"}),"aba");
        assertEquals(StringUtils.replaceEach("abcde", new String[]{"ab", "d"}, new String[]{"w", "t"}),"wcte");
        assertEquals(StringUtils.replaceEach("abcde", new String[]{"ab", "d"}, new String[]{"d", "t"}),"dcte");
        //JAVADOC TESTS END

        assertEquals("bcc", StringUtils.replaceEach("abc", new String[]{"a", "b"}, new String[]{"b", "c"}));
        assertEquals("q651.506bera", StringUtils.replaceEach("d216.102oren",
            new String[]{"a", "b", "c", "d", "e", "f", "g", "h", "i", "j", "k", "l", "m", "n", 
                "o", "p", "q", "r", "s", "t", "u", "v", "w", "x", "y", "z", "A", "B", "C", "D", 
                "E", "F", "G", "H", "I", "J", "K", "L", "M", "N", "O", "
        // ... (truncated)
</failing_test>

Use ONLY these FuzzedDataProvider methods (no invented overloads):

    int     consumeInt()                    // any int
    int     consumeInt(int min, int max)    // inclusive
    byte    consumeByte()
    boolean consumeBoolean()
    String  consumeString(int maxLength)    // ONE arg
    String  consumeAsciiString(int maxLength)
    String  consumeRemainingAsString()
    byte[]  consumeBytes(int maxLength)
    byte[]  consumeRemainingAsBytes()
    int     remainingBytes()

Catch only checked exceptions declared by the target (rethrow as RuntimeException); let everything else propagate.

Complete the skeleton below. Fill in ONLY the `// >>> YOUR CODE HERE <<<` region. Do NOT change the package, import, class name, or entrypoint. Do NOT add a `main` method. Add extra imports only if javac requires them, directly below the existing import.
<skeleton>
package org.apache.commons.lang3;

import com.code_intelligence.jazzer.api.FuzzedDataProvider;

public class FuzzHarness {
    public static void fuzzerTestOneInput(com.code_intelligence.jazzer.api.FuzzedDataProvider data) {
        // >>> YOUR CODE HERE <<<
    }
}
</skeleton>

Before the construction code, add a `/* ... */` comment on the first line inside the entrypoint body identifying (a) the bug class and (b) the minimal input shape that reaches the fault. Nothing above the package line.
################################################

==================== attempt 029/30 ====================
--- raw LLM response ---
package org.apache.commons.lang3;

import com.code_intelligence.jazzer.api.FuzzedDataProvider;

public class FuzzHarness {
    public static void fuzzerTestOneInput(com.code_intelligence.jazzer.api.FuzzedDataProvider data) {
        /* Bug: StringUtils.replaceEach NPE when replacementList contains null and there is at least one match; Minimal: replaceEach("aba", new String[]{"a","b"}, new String[]{"c", null}) */

        // ANCHOR: exact failing input
        StringUtils.replaceEach("aba", new String[] { "a", "b" }, new String[] { "c", null });

        // EXPLORE: vary around the failing shape
        int len = data.consumeInt(2, 6);

        String[] searchList = new String[len];
        String[] replacementList = new String[len];

        String needle = data.consumeAsciiString(4);
        if (needle == null || needle.length() == 0) {
            needle = "a";
        }

        int ensureIdx = data.consumeInt(0, len - 1);
        int nullIdx = data.consumeInt(0, len - 1);
        if (len > 1 && nullIdx == ensureIdx) {
            nullIdx = (nullIdx + 1) % len;
        }

        for (int i = 0; i < len; i++) {
            searchList[i] = data.consumeBoolean() ? data.consumeAsciiString(3) : null;
            replacementList[i] = data.consumeBoolean() ? data.consumeAsciiString(3) : null;
        }

        // Ensure at least one valid matchable pair and at least one null replacement
        searchList[ensureIdx] = needle; // non-null, non-empty
        String ensuredReplacement = data.consumeAsciiString(3);
        if (ensuredReplacement == null) {
            ensuredReplacement = "";
        }
        replacementList[ensureIdx] = ensuredReplacement;
        replacementList[nullIdx] = null;

        String text = data.consumeString(64);
        if (text == null) {
            text = "";
        }
        if (!text.contains(needle)) {
            text = text + needle + data.consumeString(16);
        }

        StringUtils.replaceEach(text, searchList, replacementList);
    }
}
✗ compiled but did NOT trigger on the buggy version (rc=1) — rejecting

==================== attempt 030/30 (repair turn) ====================
--- raw LLM response ---
package org.apache.commons.lang3;

import com.code_intelligence.jazzer.api.FuzzedDataProvider;

public class FuzzHarness {
    public static void fuzzerTestOneInput(com.code_intelligence.jazzer.api.FuzzedDataProvider data) {
        /* Bug: StringUtils.replaceEach NPE when replacementList contains a null and there is at least one match; Minimal input: text="aba", search={"a","b"}, repl={"c", null} */

        // ANCHOR: guaranteed trigger on buggy version (NPE in increase computation loop)
        StringUtils.replaceEach("aba", new String[] { "a", "b" }, new String[] { "c", null });

        // EXPLORE: Generate similar shapes to exercise nearby paths and the patched early-return condition
        int len = data.consumeInt(2, 6);
        String[] searchList = new String[len];
        String[] replacementList = new String[len];

        // Ensure index 0 provides a valid, matchable search/replacement pair
        String needle = data.consumeAsciiString(4);
        if (needle == null || needle.length() == 0) {
            needle = "a";
        }
        searchList[0] = needle;
        String rep0 = data.consumeAsciiString(3);
        replacementList[0] = rep0 == null ? "x" : rep0;

        // Ensure at least one null replacement at a later index to mirror the bug trigger
        int nullIdx = data.consumeInt(1, len - 1);

        for (int i = 1; i < len; i++) {
            // Randomly choose search entries (some null/empty allowed)
            String s = data.consumeAsciiString(3);
            if (data.consumeBoolean()) {
                searchList[i] = (s == null || s.length() == 0) ? null : s;
            } else {
                searchList[i] = null;
            }

            // Set a null replacement at nullIdx; others are non-null strings (possibly empty)
            if (i == nullIdx) {
                replacementList[i] = null;
            } else {
                String r = data.consumeAsciiString(3);
                replacementList[i] = r == null ? "" : r;
            }
        }

        // Build text so that searchList[0] matches at index 0, and reduce chance of other early matches
        String filler = data.consumeAsciiString(32);
        if (filler == null) {
            filler = "";
        }
        for (int i = 1; i < len; i++) {
            String s = searchList[i];
            if (s != null && s.length() > 0) {
                filler = filler.replace(s, "");
            }
        }
        String text = needle + filler;

        StringUtils.replaceEach(text, searchList, replacementList);

        // A second small variant keeping the same faulty shape (valid first pair, null later)
        if (data.consumeBoolean()) {
            String n = data.consumeAsciiString(4);
            if (n == null || n.length() == 0) {
                n = "x";
            }
            String t2 = n + (data.consumeAsciiString(8) == null ? "" : data.consumeAsciiString(8));
            String s1 = data.consumeAsciiString(3);
            if (s1 == null || s1.length() == 0) {
                s1 = "q";
            }
            String r1 = data.consumeAsciiString(3);
            if (r1 == null) {
                r1 = "y";
            }
            StringUtils.replaceEach(t2, new String[] { n, s1 }, new String[] { r1, null });
        }
    }
}
✗ compiled but did NOT trigger on the buggy version (rc=1) — rejecting

#################### campaign ####################
project       : Lang
bug           : 39 (ACS)
buggy dir     : /tmp/d4j/Lang_39_buggy
target wins   : 1
attempts used : 30
wins          : 0
success rate  : 0.0%
distinct crashes (buggy ver): 0
##################################################
